Workbook
Name Slicer_Entry_Type: #N/A
Name Slicer_popularity_Traffic: #N/A
Name Slicer_Site_Classification: #N/A
Name Slicer_State: #N/A
Name Slicer_Type: #N/A
Name Slicer_Zone: #N/A

Sheet Raw Dataset
B1: Zone | C1: State | D1: City | E1: Name | F1: Type | G1: Establishment Year | H1: time needed to visit in hrs | I1: Google review rating | J1: Entrance Fee in INR | K1: Airport with 50km Radius | L1: Weekly Off | M1: Significance | N1: DSLR Allowed | O1: Number of google review in lakhs | P1: Best Time to visit
A2: 0 | B2: Northern | C2: Delhi | D2: Delhi | E2: India Gate | F2: War Memorial | G2: 1921 | H2: 0.5 | I2: 4.6 | J2: 0 | K2: Yes | L2: None | M2: Historical | N2: Yes | O2: 2.6 | P2: Evening
A3: 1 | B3: Northern | C3: Delhi | D3: Delhi | E3: Humayun's Tomb | F3: Tomb | G3: 1572 | H3: 2 | I3: 4.5 | J3: 30 | K3: Yes | L3: None | M3: Historical | N3: Yes | O3: 0.4 | P3: Afternoon
A4: 2 | B4: Northern | C4: Delhi | D4: Delhi | E4: Akshardham Temple | F4: Temple | G4: 2005 | H4: 5 | I4: 4.6 | J4: 60 | K4: Yes | L4: None | M4: Religious | N4: No | O4: 0.4 | P4: Afternoon
A5: 3 | B5: Northern | C5: Delhi | D5: Delhi | E5: Waste to Wonder Park | F5: Theme Park | G5: 2019 | H5: 2 | I5: 4.1 | J5: 50 | K5: Yes | L5: Monday | M5: Environmental | N5: Yes | O5: 0.27 | P5: Evening
A6: 4 | B6: Northern | C6: Delhi | D6: Delhi | E6: Jantar Mantar | F6: Observatory | G6: 1724 | H6: 2 | I6: 4.2 | J6: 15 | K6: Yes | L6: None | M6: Scientific | N6: Yes | O6: 0.31 | P6: Morning
A7: 5 | B7: Northern | C7: Delhi | D7: Delhi | E7: Chandni Chowk | F7: Market | G7: 1700 | H7: 3 | I7: 4.2 | J7: 0 | K7: Yes | L7: Sunday | M7: Market | N7: Yes | O7: 0.25 | P7: Afternoon
A8: 6 | B8: Northern | C8: Delhi | D8: Delhi | E8: Lotus Temple | F8: Temple | G8: 1986 | H8: 1 | I8: 4.5 | J8: 0 | K8: Yes | L8: Monday | M8: Religious | N8: Yes | O8: 0.59 | P8: Evening
A9: 7 | B9: Northern | C9: Delhi | D9: Delhi | E9: Red Fort | F9: Fort | G9: 1648 | H9: 2 | I9: 4.5 | J9: 35 | K9: Yes | L9: None | M9: Historical | N9: Yes | O9: 1.5 | P9: Afternoon
A10: 8 | B10: Northern | C10: Delhi | D10: Delhi | E10: Agrasen ki Baoli | F10: Stepwell | G10: 1400 | H10: 1 | I10: 4.2 | J10: 0 | K10: Yes | L10: None | M10: Historical | N10: Yes | O10: 0.41 | P10: Afternoon
A11: 9 | B11: Northern | C11: Delhi | D11: Delhi | E11: Sunder Nursery | F11: Park | G11: 1600 | H11: 2 | I11: 4.6 | J11: 0 | K11: Yes | L11: None | M11: Botanical | N11: Yes | O11: 0.16 | P11: Afternoon
A12: 10 | B12: Northern | C12: Delhi | D12: Delhi | E12: Garden of Five Senses | F12: Park | G12: 2003 | H12: 2 | I12: 4.1 | J12: 35 | K12: Yes | L12: None | M12: Botanical | N12: Yes | O12: 0.23 | P12: Morning
A13: 11 | B13: Northern | C13: Delhi | D13: Delhi | E13: Lodhi Garden | F13: Park | G13: 1500 | H13: 1 | I13: 4.5 | J13: 0 | K13: Yes | L13: None | M13: Botanical | N13: Yes | O13: 0.48 | P13: All
... A17: 15 | B17: Northern | C17: Delhi | D17: Delhi | E17: National Science Centre | F17: Science | G17: 1992 | H17: 5 | I17: 4.4 | J17: 70 | K17: Yes | L17: None | M17: Scientific | N17: Yes | O17: 0.23 | P17: All
A18: 16 | B18: Western | C18: Maharastra | D18: Mumbai | E18: Marine Drive | F18: Promenade | G18: Unknown | H18: 2 | I18: 4.5 | J18: 0 | K18: Yes | L18: None | M18: Scenic | N18: Yes | O18: 1.5 | P18: Evening
A19: 17 | B19: Western | C19: Maharastra | D19: Mumbai | E19: Gateway of India | F19: Monument | G19: 1924 | H19: 1 | I19: 4.6 | J19: 0 | K19: Yes | L19: None | M19: Historical | N19: Yes | O19: 3.6 | P19: All
A20: 18 | B20: Western | C20: Maharastra | D20: Mumbai | E20: Chhatrapati Shivaji Maharaj Vastu Sangrahalaya | F20: Museum | G20: 1922 | H20: 1 | I20: 4.6 | J20: 500 | K20: Yes | L20: None | M20: Historical | N20: Yes | O20: 0.34 | P20: All
A21: 19 | B21: Western | C21: Maharastra | D21: Mumbai | E21: Sanjay Gandhi National Park | F21: National Park | G21: 1996 | H21: 3 | I21: 4.3 | J21: 50 | K21: Yes | L21: Monday | M21: Wildlife | N21: Yes | O21: 0.6 | P21: All
A22: 20 | B22: Western | C22: Maharastra | D22: Mumbai | E22: Siddhivinayak Temple | F22: Temple | G22: 1881 | H22: 2 | I22: 4.8 | J22: 0 | K22: Yes | L22: None | M22: Religious | N22: No | O22: 1.05 | P22: All
A23: 21 | B23: Western | C23: Maharastra | D23: Mumbai | E23: Mahalaxmi Temple | F23: Temple | G23: 1831 | H23: 1 | I23: 4.7 | J23: 0 | K23: Yes | L23: None | M23: Religious | N23: No | O23: 0.33 | P23: All
A24: 22 | B24: Western | C24: Maharastra | D24: Mumbai | E24: Haji Ali Dargah | F24: Religious Shrine | G24: 1431 | H24: 2 | I24: 4.4 | J24: 0 | K24: Yes | L24: None | M24: Religious | N24: No | O24: 0.16 | P24: All
A25: 23 | B25: Western | C25: Maharastra | D25: Mumbai | E25: Chowpatty Beach | F25: Beach | G25: Unknown | H25: 2 | I25: 4.3 | J25: 0 | K25: Yes | L25: None | M25: Recreational | N25: Yes | O25: 0.05 | P25: Evening
A26: 24 | B26: Western | C26: Maharastra | D26: Mumbai | E26: Essel World | F26: Amusement Park | G26: 1986 | H26: 5 | I26: 4.3 | J26: 1149 | K26: Yes | L26: None | M26: Recreational | N26: Yes | O26: 0.27 | P26: All
A27: 25 | B27: Western | C27: Maharastra | D27: Mumbai | E27: Elephanta Caves | F27: Monument | G27: 1987 | H27: 4 | I27: 4.3 | J27: 550 | K27: Yes | L27: None | M27: Historical | N27: Yes | O27: 0.35 | P27: All
A28: 26 | B28: Western | C28: Maharastra | D28: Lonavala | E28: Imagicaa | F28: Amusement Park | G28: 2013 | H28: 5 | I28: 1.4 | J28: 1149 | K28: No | L28: Monday | M28: Recreational | N28: Yes | O28: 0.95 | P28: All
A29: 27 | B29: Southern | C29: Karnataka | D29: Bangalore | E29: Bangalore Palace | F29: Palace | G29: 1878 | H29: 2 | I29: 4.2 | J29: 500 | K29: Yes | L29: Monday | M29: Historical | N29: Yes | O29: 0.9 | P29: Morning
A30: 28 | B30: Southern | C30: Karnataka | D30: Bangalore | E30: Lalbagh Botanical Garden | F30: Botanical Garden | G30: 1760 | H30: 1.5 | I30: 4.4 | J30: 20 | K30: Yes | L30: None | M30: Nature | N30: Yes | O30: 1.5 | P30: Evening
A31: 29 | B31: Southern | C31: Karnataka | D31: Bangalore | E31: Cubbon Park | F31: Park | G31: 1870 | H31: 1 | I31: 4.4 | J31: 0 | K31: Yes | L31: None | M31: Nature | N31: Yes | O31: 1.32 | P31: Morning
A32: 30 | B32: Southern | C32: Karnataka | D32: Bangalore | E32: Vidhana Soudha | F32: Government Building | G32: 1956 | H32: 0.5 | I32: 4.6 | J32: 0 | K32: Yes | L32: None | M32: Architectural | N32: No | O32: 0.8 | P32: Morning
A33: 31 | B33: Southern | C33: Karnataka | D33: Bangalore | E33: ISKCON Temple Bangalore | F33: Temple | G33: 1997 | H33: 1 | I33: 4.6 | J33: 0 | K33: Yes | L33: None | M33: Religious | N33: Yes | O33: 1.14 | P33: Evening
A34: 32 | B34: Southern | C34: Telangana | D34: Hyderabad | E34: Charminar | F34: Landmark | G34: 1591 | H34: 1 | I34: 4.5 | J34: 25 | K34: Yes | L34: Friday | M34: Historical | N34: Yes | O34: 2.1 | P34: Morning
A35: 33 | B35: Southern | C35: Telangana | D35: Hyderabad | E35: Golconda Fort | F35: Fort | G35: 1600 | H35: 2 | I35: 4.4 | J35: 30 | K35: Yes | L35: None | M35: Historical | N35: Yes | O35: 1.2 | P35: Morning
A36: 34 | B36: Southern | C36: Telangana | D36: Hyderabad | E36: Hussain Sagar Lake | F36: Lake | G36: 1563 | H36: 1 | I36: 4.3 | J36: 0 | K36: Yes | L36: None | M36: Scenic | N36: Yes | O36: 0.5 | P36: Evening
A37: 35 | B37: Southern | C37: Telangana | D37: Hyderabad | E37: Ramoji Film City | F37: Film Studio | G37: 1996 | H37: 4 | I37: 4.4 | J37: 1150 | K37: Yes | L37: None | M37: Entertainment | N37: Yes | O37: 0.45 | P37: All
... A53: 51 | B53: Eastern | C53: West Bengal | D53: Kolkata | E53: Marble Palace | F53: Palace | G53: 1835 | H53: 1 | I53: 4.4 | J53: 0 | K53: Yes | L53: None | M53: Historical | N53: Yes | O53: 0.1 | P53: Afternoon
A54: 52 | B54: Southern | C54: Goa | D54: Goa | E54: Calangute Beach | F54: Beach | G54: Unknown | H54: 2 | I54: 4.4 | J54: 0 | K54: Yes | L54: None | M54: Scenic | N54: Yes | O54: 0.26 | P54: Evening
A55: 53 | B55: Southern | C55: Goa | D55: Goa | E55: Basilica of Bom Jesus | F55: Church | G55: 1605 | H55: 1 | I55: 4.5 | J55: 0 | K55: Yes | L55: None | M55: Historical | N55: Yes | O55: 0.59 | P55: Afternoon
A56: 54 | B56: Southern | C56: Goa | D56: Goa | E56: Fort Aguada | F56: Fort | G56: 1612 | H56: 1.5 | I56: 4.2 | J56: 0 | K56: Yes | L56: None | M56: Historical | N56: Yes | O56: 0.95 | P56: Morning
A57: 55 | B57: Southern | C57: Goa | D57: Goa | E57: Dudhsagar Falls | F57: Waterfall | G57: Unknown | H57: 3 | I57: 4.6 | J57: 500 | K57: Yes | L57: None | M57: Nature | N57: Yes | O57: 0.3 | P57: Afternoon
A58: 56 | B58: Southern | C58: Goa | D58: Goa | E58: Anjuna Beach | F58: Beach | G58: Unknown | H58: 2 | I58: 4.4 | J58: 0 | K58: Yes | L58: None | M58: Scenic | N58: Yes | O58: 0.18 | P58: Evening
A59: 57 | B59: Southern | C59: Goa | D59: Goa | E59: Chapora Fort | F59: Fort | G59: 1617 | H59: 1 | I59: 4.2 | J59: 0 | K59: Yes | L59: None | M59: Historical | N59: Yes | O59: 0.19 | P59: Evening
A60: 58 | B60: Southern | C60: Goa | D60: Goa | E60: Se Cathedral | F60: Church | G60: 1640 | H60: 1 | I60: 4.5 | J60: 0 | K60: Yes | L60: None | M60: Historical | N60: Yes | O60: 0.05 | P60: Afternoon
A61: 59 | B61: Southern | C61: Goa | D61: Goa | E61: Baga Beach | F61: Beach | G61: Unknown | H61: 2 | I61: 4.5 | J61: 0 | K61: Yes | L61: None | M61: Scenic | N61: Yes | O61: 0.35 | P61: Evening
A62: 60 | B62: Southern | C62: Goa | D62: Goa | E62: Arambol Beach | F62: Beach | G62: Unknown | H62: 2 | I62: 4.6 | J62: 0 | K62: Yes | L62: None | M62: Scenic | N62: Yes | O62: 0.1 | P62: Evening
A63: 61 | B63: Southern | C63: Goa | D63: Goa | E63: Palolem Beach | F63: Beach | G63: Unknown | H63: 2 | I63: 4.6 | J63: 0 | K63: Yes | L63: None | M63: Scenic | N63: Yes | O63: 0.27 | P63: Evening
A64: 62 | B64: Southern | C64: Goa | D64: Goa | E64: Colva Beach | F64: Beach | G64: Unknown | H64: 2 | I64: 4.3 | J64: 0 | K64: Yes | L64: None | M64: Scenic | N64: Yes | O64: 0.1 | P64: Evening
A65: 63 | B65: Southern | C65: Goa | D65: Goa | E65: Miramar Beach | F65: Beach | G65: Unknown | H65: 1.5 | I65: 4.2 | J65: 0 | K65: Yes | L65: None | M65: Scenic | N65: Yes | O65: 0.3 | P65: Evening
A66: 64 | B66: Southern | C66: Goa | D66: Goa | E66: Aguada Beach | F66: Beach | G66: Unknown | H66: 2 | I66: 4.5 | J66: 0 | K66: Yes | L66: None | M66: Scenic | N66: Yes | O66: 0.01 | P66: Evening
A67: 65 | B67: Southern | C67: Goa | D67: Goa | E67: Dr. Salim Ali Bird Santuary | F67: Bird Sanctuary | G67: 1988 | H67: 2 | I67: 3.9 | J67: 10 | K67: Yes | L67: None | M67: Wildlife | N67: Yes | O67: 0.03 | P67: Afternoon
A68: 66 | B68: Western | C68: Gujarat | D68: Ahmedabad | E68: Sabarmati Ashram | F68: Historical | G68: 1915 | H68: 1.5 | I68: 4.6 | J68: 0 | K68: Yes | L68: None | M68: Historical | N68: Yes | O68: 0.35 | P68: Morning
A69: 67 | B69: Western | C69: Gujarat | D69: Dwarka | E69: Dwarkadhish Temple | F69: Temple | G69: -400 | H69: 2 | I69: 4.7 | J69: 0 | K69: No | L69: None | M69: Religious | N69: No | O69: 0.59 | P69: Evening
A70: 68 | B70: Western | C70: Gujarat | D70: Junagadh | E70: Gir National Park | F70: National Park | G70: 1965 | H70: 3 | I70: 4.5 | J70: 3500 | K70: No | L70: None | M70: Wildlife | N70: Yes | O70: 0.08 | P70: Morning
A71: 69 | B71: Western | C71: Gujarat | D71: Bhuj | E71: White Desert | F71: Site | G71: 1950 | H71: 2.5 | I71: 4.6 | J71: 0 | K71: Yes | L71: None | M71: Nature | N71: Yes | O71: 0.12 | P71: Evening
A72: 70 | B72: Western | C72: Gujarat | D72: Vadodara | E72: Laxmi Vilas Palace | F72: Palace | G72: 1890 | H72: 2 | I72: 4.4 | J72: 200 | K72: Yes | L72: Monday | M72: Historical | N72: Yes | O72: 0.17 | P72: Afternoon
A73: 71 | B73: Western | C73: Gujarat | D73: Somnath | E73: Somnath Temple | F73: Temple | G73: 1951 | H73: 2 | I73: 4.8 | J73: 0 | K73: No | L73: None | M73: Religious | N73: No | O73: 0.39 | P73: Morning
A74: 72 | B74: Western | C74: Gujarat | D74: Rann of Kutch | E74: Rann Utsav | F74: Cultural | G74: Unknown | H74: 3 | I74: 4.9 | J74: 7500 | K74: Yes | L74: None | M74: Cultural | N74: Yes | O74: 0.1 | P74: Evening
A75: 73 | B75: Western | C75: Gujarat | D75: Kevadia | E75: Statue of Unity | F75: Monument | G75: 2018 | H75: 3 | I75: 4.6 | J75: 350 | K75: No | L75: Monday | M75: Historical | N75: Yes | O75: 0.67 | P75: All
A76: 74 | B76: Western | C76: Gujarat | D76: Gandhinagar | E76: Dandi Kutir | F76: Museum | G76: 2013 | H76: 1.5 | I76: 4.5 | J76: 0 | K76: No | L76: None | M76: Historical | N76: Yes | O76: 0.05 | P76: All
A77: 75 | B77: Western | C77: Gujarat | D77: Ahmedabad | E77: Sabarmati Riverfront | F77: Urban Development Project | G77: 2012 | H77: 1 | I77: 4.6 | J77: 0 | K77: Yes | L77: None | M77: Recreational | N77: Yes | O77: 0.1 | P77: Evening
A78: 76 | B78: Western | C78: Gujarat | D78: Ahmedabad | E78: Manek Chowk | F78: Market | G78: Unknown | H78: 2 | I78: 4.4 | J78: 0 | K78: Yes | L78: None | M78: Food | N78: Yes | O78: 0.49 | P78: Night
A79: 77 | B79: Western | C79: Gujarat | D79: Ahmedabad | E79: Kankaria Lake | F79: Lake | G79: 1451 | H79: 3 | I79: 4.5 | J79: 10 | K79: Yes | L79: None | M79: Recreational | N79: Yes | O79: 0.3 | P79: Afternoon
A80: 78 | B80: Western | C80: Gujarat | D80: Ahmedabad | E80: Science City | F80: Science | G80: 2002 | H80: 7 | I80: 4.4 | J80: 500 | K80: Yes | L80: Monday | M80: Educational | N80: Yes | O80: 0.11 | P80: All
A81: 79 | B81: Northern | C81: Rajasthan | D81: Jaipur | E81: Hawa Mahal | F81: Palace | G81: 1799 | H81: 1 | I81: 4.4 | J81: 50 | K81: Yes | L81: None | M81: Architectural | N81: Yes | O81: 1.3 | P81: Morning
A82: 80 | B82: Northern | C82: Rajasthan | D82: Udaipur | E82: City Palace | F82: Palace | G82: 1559 | H82: 2 | I82: 4.4 | J82: 300 | K82: Yes | L82: None | M82: Historical | N82: Yes | O82: 0.51 | P82: All
A83: 81 | B83: Northern | C83: Rajasthan | D83: Jaisalmer | E83: Jaisalmer Fort | F83: Fort | G83: 1156 | H83: 2.5 | I83: 4.4 | J83: 50 | K83: No | L83: None | M83: Historical | N83: Yes | O83: 0.56 | P83: All
A84: 82 | B84: Northern | C84: Rajasthan | D84: Sawai Madhopur | E84: Ranthambore National Park | F84: Wildlife Sanctuary | G84: 1980 | H84: 3 | I84: 4.6 | J84: 500 | K84: No | L84: None | M84: Wildlife | N84: Yes | O84: 0.09 | P84: All
A85: 83 | B85: Northern | C85: Rajasthan | D85: Pushkar | E85: Pushkar Lake | F85: Temple | G85: 1400 | H85: 1.5 | I85: 4.4 | J85: 0 | K85: No | L85: None | M85: Religious | N85: Yes | O85: 1.6 | P85: All
A86: 84 | B86: Northern | C86: Rajasthan | D86: Ajmer | E86: Ajmer Sharif Dargah | F86: Shrine | G86: 1236 | H86: 1 | I86: 4.6 | J86: 0 | K86: Yes | L86: None | M86: Religious | N86: No | O86: 0.35 | P86: All
A87: 85 | B87: Northern | C87: Rajasthan | D87: Jodhpur | E87: Mehrangarh Fort | F87: Fort | G87: 1459 | H87: 2 | I87: 4.6 | J87: 100 | K87: Yes | L87: None | M87: Historical | N87: Yes | O87: 0.64 | P87: All
A88: 86 | B88: Northern | C88: Rajasthan | D88: Chittorgarh | E88: Chittorgarh Fort | F88: Fort | G88: 700 | H88: 2 | I88: 4.6 | J88: 40 | K88: No | L88: None | M88: Historical | N88: Yes | O88: 1.9 | P88: All
A89: 87 | B89: Northern | C89: Rajasthan | D89: Mount Abu | E89: Dilwara Temples | F89: Temple | G89: 1100 | H89: 1 | I89: 4.6 | J89: 0 | K89: No | L89: None | M89: Religious | N89: No | O89: 0.05 | P89: All
A90: 88 | B90: Northern | C90: Rajasthan | D90: Bikaner | E90: Junagarh Fort | F90: Fort | G90: 1589 | H90: 2 | I90: 4.5 | J90: 50 | K90: Yes | L90: None | M90: Historical | N90: Yes | O90: 0.32 | P90: All
... A97: 95 | B97: Northern | C97: Punjab | D97: Chandigarh | E97: Rock Garden | F97: Sculpture Garden | G97: 1976 | H97: 2 | I97: 4.5 | J97: 30 | K97: Yes | L97: None | M97: Artistic | N97: Yes | O97: 0.5 | P97: All
A98: 96 | B98: Southern | C98: Kerala | D98: Alappuzha | E98: Alappuzha Beach | F98: Beach | G98: Unknown | H98: 1.5 | I98: 4.5 | J98: 0 | K98: Yes | L98: None | M98: Recreational | N98: Yes | O98: 0.11 | P98: All
A99: 97 | B99: Southern | C99: Kerala | D99: Munnar | E99: Munnar Tea Gardens | F99: Scenic Area | G99: Unknown | H99: 2 | I99: 4.3 | J99: 0 | K99: No | L99: None | M99: Nature | N99: Yes | O99: 0.3 | P99: All
A100: 98 | B100: Southern | C100: Kerala | D100: Kochi | E100: Fort Kochi | F100: Site | G100: 1503 | H100: 1 | I100: 4.4 | J100: 0 | K100: Yes | L100: None | M100: Historical | N100: Yes | O100: 0.1 | P100: All
A101: 99 | B101: Southern | C101: Kerala | D101: Thiruvananthapuram | E101: Padmanabhaswamy Temple | F101: Temple | G101: Unknown | H101: 1 | I101: 4.7 | J101: 0 | K101: Yes | L101: None | M101: Religious | N101: No | O101: 0.46 | P101: All
A102: 100 | B102: Southern | C102: Kerala | D102: Kozhikode | E102: Kozhikode Beach | F102: Beach | G102: Unknown | H102: 1.5 | I102: 3.9 | J102: 0 | K102: Yes | L102: None | M102: Recreational | N102: Yes | O102: 0.059 | P102: All
A103: 101 | B103: Southern | C103: Kerala | D103: Wayanad | E103: Wayanad Wildlife Sanctuary | F103: Wildlife Sanctuary | G103: Unknown | H103: 3 | I103: 4.5 | J103: 300 | K103: No | L103: None | M103: Wildlife | N103: Yes | O103: 2.2 | P103: All
A104: 102 | B104: Southern | C104: Kerala | D104: Thekkady | E104: Periyar National Park | F104: National Park | G104: 1982 | H104: 3 | I104: 4.3 | J104: 50 | K104: No | L104: None | M104: Wildlife | N104: Yes | O104: 0.14 | P104: All
A105: 103 | B105: Southern | C105: Kerala | D105: Kumarakom | E105: Kumarakom Bird Sanctuary | F105: Bird Sanctuary | G105: 1972 | H105: 2 | I105: 3.8 | J105: 50 | K105: Yes | L105: None | M105: Wildlife | N105: Yes | O105: 0.1 | P105: All
A106: 104 | B106: Southern | C106: Kerala | D106: Varkala | E106: Varkala Beach | F106: Beach | G106: Unknown | H106: 2 | I106: 4.6 | J106: 0 | K106: Yes | L106: None | M106: Recreational | N106: Yes | O106: 0.1 | P106: All
A107: 105 | B107: Southern | C107: Kerala | D107: Bekal | E107: Bekal Fort | F107: Fort | G107: 1650 | H107: 1.5 | I107: 4.5 | J107: 20 | K107: No | L107: None | M107: Historical | N107: Yes | O107: 0.22 | P107: All
A108: 106 | B108: Southern | C108: Kerala | D108: Kovalam | E108: Kovalam Beach | F108: Beach | G108: Unknown | H108: 2 | I108: 4.4 | J108: 0 | K108: Yes | L108: None | M108: Recreational | N108: Yes | O108: 0.68 | P108: All
A109: 107 | B109: Southern | C109: Kerala | D109: Kannur | E109: St. Angelo Fort | F109: Fort | G109: 1505 | H109: 1 | I109: 4.4 | J109: 20 | K109: Yes | L109: None | M109: Historical | N109: Yes | O109: 0.11 | P109: All
A110: 108 | B110: Southern | C110: Kerala | D110: Nelliyampathy | E110: Seethargundu Viewpoint | F110: Viewpoint | G110: Unknown | H110: 1 | I110: 4.5 | J110: 0 | K110: No | L110: None | M110: Nature | N110: Yes | O110: 0.03 | P110: Morning
A111: 109 | B111: Southern | C111: Kerala | D111: Kochi | E111: Kerala Folklore Museum | F111: Cultural | G111: 2009 | H111: 1.5 | I111: 4.4 | J111: 100 | K111: Yes | L111: Monday | M111: Cultural | N111: Yes | O111: 0.1 | P111: All
A112: 110 | B112: Southern | C112: Kerala | D112: Kochi | E112: Wonderla Amusement Park | F112: Amusement Park | G112: 2016 | H112: 5.5 | I112: 4.6 | J112: 750 | K112: Yes | L112: None | M112: Entertainment | N112: Yes | O112: 0.41 | P112: All
A113: 111 | B113: Southern | C113: Karnataka | D113: Mysore | E113: Mysore Palace | F113: Palace | G113: 1912 | H113: 2 | I113: 4.6 | J113: 50 | K113: Yes | L113: None | M113: Historical | N113: Yes | O113: 2.5 | P113: All
A114: 112 | B114: Southern | C114: Karnataka | D114: Hampi | E114: Hampi Archaeological Ruins | F114: Site | G114: Unknown | H114: 3 | I114: 4.7 | J114: 0 | K114: No | L114: None | M114: Historical | N114: Yes | O114: 0.05 | P114: All
A115: 113 | B115: Southern | C115: Karnataka | D115: Coorg | E115: Abbey Falls | F115: Waterfall | G115: Unknown | H115: 1 | I115: 4.1 | J115: 0 | K115: No | L115: None | M115: Nature | N115: Yes | O115: 0.03 | P115: Morning
A116: 114 | B116: Southern | C116: Karnataka | D116: Gokarna | E116: Om Beach | F116: Beach | G116: Unknown | H116: 2 | I116: 4.5 | J116: 0 | K116: No | L116: None | M116: Nature | N116: Yes | O116: 0.09 | P116: All
A117: 115 | B117: Southern | C117: Karnataka | D117: Chikmagalur | E117: Mullayanagiri | F117: Mountain Peak | G117: Unknown | H117: 3 | I117: 4.5 | J117: 0 | K117: No | L117: None | M117: Nature | N117: Yes | O117: 0.05 | P117: All
A118: 116 | B118: Southern | C118: Karnataka | D118: Badami | E118: Badami Cave Temples | F118: Cave | G118: 600 | H118: 1.5 | I118: 4.6 | J118: 30 | K118: No | L118: None | M118: Religious | N118: No | O118: 0.2 | P118: All
A119: 117 | B119: Southern | C119: Karnataka | D119: Shivamogga | E119: Jog Falls | F119: Waterfall | G119: 1900 | H119: 1.5 | I119: 4.6 | J119: 30 | K119: No | L119: None | M119: Nature | N119: Yes | O119: 0.23 | P119: Morning
A120: 118 | B120: Southern | C120: Karnataka | D120: Mangalore | E120: Panambur Beach | F120: Beach | G120: Unknown | H120: 1.5 | I120: 4.5 | J120: 0 | K120: Yes | L120: None | M120: Recreational | N120: Yes | O120: 0.1 | P120: All
A121: 119 | B121: Southern | C121: Karnataka | D121: Murudeshwar | E121: Murudeshwar Temple | F121: Temple | G121: Unknown | H121: 1 | I121: 4.7 | J121: 0 | K121: Yes | L121: None | M121: Religious | N121: No | O121: 0.49 | P121: All
A122: 120 | B122: Southern | C122: Karnataka | D122: Bijapur | E122: Gol Gumbaz | F122: Mausoleum | G122: 1656 | H122: 1.5 | I122: 4.5 | J122: 20 | K122: No | L122: None | M122: Historical | N122: Yes | O122: 0.25 | P122: All
A123: 121 | B123: Southern | C123: Karnataka | D123: Bandipur | E123: Bandipur National Park | F123: National Park | G123: 1974 | H123: 3 | I123: 4.4 | J123: 300 | K123: No | L123: None | M123: Wildlife | N123: Yes | O123: 0.15 | P123: Morning
A124: 122 | B124: Southern | C124: Karnataka | D124: Halebidu | E124: Halebidu Hoysaleswara Temple | F124: Temple | G124: 1121 | H124: 1 | I124: 4.7 | J124: 15 | K124: No | L124: None | M124: Religious | N124: No | O124: 0.11 | P124: All
...

Sheet Cleaned Dataset
A1: Zone | B1: State | C1: City | D1: Name | E1: Type | F1: Establishment_Year | G1: Visit_Time_Hrs | H1: Reiew_Rating | I1: Rating_Category | J1: Entrance_Fee_INR | K1: Entry_Type | L1: Airport_50km_Radius | M1: Weekly_Off | N1: Significance | O1: DSLR_Allowed | P1: Number_Review_Lakhs | Q1: Best_Time_to_visit | R1: Popularity | S1: Visit_Duration | T1: Airport_Access | U1: Top_Rated | V1: Site Classification | W1: Column1 | X1: Star_rating | Y1: popularity_Traffic
A2: Northern | B2: Delhi | C2: Delhi | D2: India Gate | E2: War Memorial | F2: 1921 | G2: 0.5 | H2: 4.6 | I2: =IF(Table13[[#This Row],[Reiew_Rating]]>=4.5,"Excellent", IF(Table13[[#This Row],[Reiew_Rating]]>=4,"Good","Average")) -> Excellent | J2: 0 | K2: =IF(Table13[[#This Row],[Entrance_Fee_INR]]=0,"Free","Paid") -> Free | L2: Yes | M2: Friday | N2: Historical | O2: Yes | P2: 2.6 | Q2: Evening | R2: =IF(Table13[[#This Row],[Number_Review_Lakhs]]>=1,"Highly Popular", IF(Table13[[#This Row],[Number_Review_Lakhs]]>=0.5,"Popular","Less Popular")) -> Highly Popular | S2: =IF(Table13[[#This Row],[Visit_Time_Hrs]]<=2,"Short Visit", IF(Table13[[#This Row],[Visit_Time_Hrs]]<=5,"Medium Visit","Full Day")) -> Short Visit | T2: =IF(Table13[[#This Row],[Airport_50km_Radius]]="Yes","Accessible","Remote") -> Accessible | U2: =IF(Table13[[#This Row],[Reiew_Rating]]>=4.7,"Yes","No") -> No | V2: =IF(OR(N2="Historical",N2="Artistic",N2="Religious",N2="Architectural"), "Heritage & Culture", IF(OR(N2="Environmental",N2="Botanical",N2="Scenic",N2="Wildlife",N2="Nature"), "Nature & Wildlife", IF(OR(N2="Recreational",N2="Market",N2="Entertainment"), "Leisure & Commerce", IF(N2="Scientific", "Science & Education", "Other")))) -> Heritage & Culture | W2: =REPT("★", ROUND(H2, 0)) & REPT("☆", 5 - ROUND(H2, 0)) -> ★★★★★ | X2: =ROUND(H2, 0) & " / 5 Stars" -> 5 / 5 Stars | Y2: =IF(P2>=1.5, "High Traffic", IF(P2>=0.4, "Medium Traffic", "Low Traffic")) -> High Traffic
A3: Northern | B3: Delhi | C3: Delhi | D3: Humayun's Tomb | E3: Tomb | F3: 1572 | G3: 2 | H3: 4.5 | I3: =IF(Table13[[#This Row],[Reiew_Rating]]>=4.5,"Excellent", IF(Table13[[#This Row],[Reiew_Rating]]>=4,"Good","Average")) -> Excellent | J3: 30 | K3: =IF(Table13[[#This Row],[Entrance_Fee_INR]]=0,"Free","Paid") -> Paid | L3: Yes | M3: Friday | N3: Historical | O3: Yes | P3: 0.4 | Q3: Afternoon | R3: =IF(Table13[[#This Row],[Number_Review_Lakhs]]>=1,"Highly Popular", IF(Table13[[#This Row],[Number_Review_Lakhs]]>=0.5,"Popular","Less Popular")) -> Less Popular | S3: =IF(Table13[[#This Row],[Visit_Time_Hrs]]<=2,"Short Visit", IF(Table13[[#This Row],[Visit_Time_Hrs]]<=5,"Medium Visit","Full Day")) -> Short Visit | T3: =IF(Table13[[#This Row],[Airport_50km_Radius]]="Yes","Accessible","Remote") -> Accessible | U3: =IF(Table13[[#This Row],[Reiew_Rating]]>=4.7,"Yes","No") -> No | V3: =IF(OR(N3="Historical",N3="Artistic",N3="Religious",N3="Architectural"), "Heritage & Culture", IF(OR(N3="Environmental",N3="Botanical",N3="Scenic",N3="Wildlife",N3="Nature"), "Nature & Wildlife", IF(OR(N3="Recreational",N3="Market",N3="Entertainment"), "Leisure & Commerce", IF(N3="Scientific", "Science & Education", "Other")))) -> Heritage & Culture | W3: =REPT("★", ROUND(H3, 0)) & REPT("☆", 5 - ROUND(H3, 0)) -> ★★★★★ | X3: =ROUND(H3, 0) & " / 5 Stars" -> 5 / 5 Stars | Y3: =IF(P3>=1.5, "High Traffic", IF(P3>=0.4, "Medium Traffic", "Low Traffic")) -> Medium Traffic
A4: Northern | B4: Delhi | C4: Delhi | D4: Akshardham Temple | E4: Temple | F4: 2005 | G4: 5 | H4: 4.6 | I4: =IF(Table13[[#This Row],[Reiew_Rating]]>=4.5,"Excellent", IF(Table13[[#This Row],[Reiew_Rating]]>=4,"Good","Average")) -> Excellent | J4: 60 | K4: =IF(Table13[[#This Row],[Entrance_Fee_INR]]=0,"Free","Paid") -> Paid | L4: Yes | M4: Sunday | N4: Religious | O4: No | P4: 0.4 | Q4: Afternoon | R4: =IF(Table13[[#This Row],[Number_Review_Lakhs]]>=1,"Highly Popular", IF(Table13[[#This Row],[Number_Review_Lakhs]]>=0.5,"Popular","Less Popular")) -> Less Popular | S4: =IF(Table13[[#This Row],[Visit_Time_Hrs]]<=2,"Short Visit", IF(Table13[[#This Row],[Visit_Time_Hrs]]<=5,"Medium Visit","Full Day")) -> Medium Visit | T4: =IF(Table13[[#This Row],[Airport_50km_Radius]]="Yes","Accessible","Remote") -> Accessible | U4: =IF(Table13[[#This Row],[Reiew_Rating]]>=4.7,"Yes","No") -> No | V4: =IF(OR(N4="Historical",N4="Artistic",N4="Religious",N4="Architectural"), "Heritage & Culture", IF(OR(N4="Environmental",N4="Botanical",N4="Scenic",N4="Wildlife",N4="Nature"), "Nature & Wildlife", IF(OR(N4="Recreational",N4="Market",N4="Entertainment"), "Leisure & Commerce", IF(N4="Scientific", "Science & Education", "Other")))) -> Heritage & Culture | W4: =REPT("★", ROUND(H4, 0)) & REPT("☆", 5 - ROUND(H4, 0)) -> ★★★★★ | X4: =ROUND(H4, 0) & " / 5 Stars" -> 5 / 5 Stars | Y4: =IF(P4>=1.5, "High Traffic", IF(P4>=0.4, "Medium Traffic", "Low Traffic")) -> Medium Traffic
A5: Northern | B5: Delhi | C5: Delhi | D5: Waste to Wonder Park | E5: Theme Park | F5: 2019 | G5: 2 | H5: 4.1 | I5: =IF(Table13[[#This Row],[Reiew_Rating]]>=4.5,"Excellent", IF(Table13[[#This Row],[Reiew_Rating]]>=4,"Good","Average")) -> Good | J5: 50 | K5: =IF(Table13[[#This Row],[Entrance_Fee_INR]]=0,"Free","Paid") -> Paid | L5: Yes | M5: Monday | N5: Environmental | O5: Yes | P5: 0.27 | Q5: Evening | R5: =IF(Table13[[#This Row],[Number_Review_Lakhs]]>=1,"Highly Popular", IF(Table13[[#This Row],[Number_Review_Lakhs]]>=0.5,"Popular","Less Popular")) -> Less Popular | S5: =IF(Table13[[#This Row],[Visit_Time_Hrs]]<=2,"Short Visit", IF(Table13[[#This Row],[Visit_Time_Hrs]]<=5,"Medium Visit","Full Day")) -> Short Visit | T5: =IF(Table13[[#This Row],[Airport_50km_Radius]]="Yes","Accessible","Remote") -> Accessible | U5: =IF(Table13[[#This Row],[Reiew_Rating]]>=4.7,"Yes","No") -> No | V5: =IF(OR(N5="Historical",N5="Artistic",N5="Religious",N5="Architectural"), "Heritage & Culture", IF(OR(N5="Environmental",N5="Botanical",N5="Scenic",N5="Wildlife",N5="Nature"), "Nature & Wildlife", IF(OR(N5="Recreational",N5="Market",N5="Entertainment"), "Leisure & Commerce", IF(N5="Scientific", "Science & Education", "Other")))) -> Nature & Wildlife | W5: =REPT("★", ROUND(H5, 0)) & REPT("☆", 5 - ROUND(H5, 0)) -> ★★★★☆ | X5: =ROUND(H5, 0) & " / 5 Stars" -> 4 / 5 Stars | Y5: =IF(P5>=1.5, "High Traffic", IF(P5>=0.4, "Medium Traffic", "Low Traffic")) -> Low Traffic
A6: Northern | B6: Delhi | C6: Delhi | D6: Jantar Mantar | E6: Observatory | F6: 1724 | G6: 2 | H6: 4.2 | I6: =IF(Table13[[#This Row],[Reiew_Rating]]>=4.5,"Excellent", IF(Table13[[#This Row],[Reiew_Rating]]>=4,"Good","Average")) -> Good | J6: 15 | K6: =IF(Table13[[#This Row],[Entrance_Fee_INR]]=0,"Free","Paid") -> Paid | L6: Yes | M6: Sunday | N6: Scientific | O6: Yes | P6: 0.31 | Q6: Morning | R6: =IF(Table13[[#This Row],[Number_Review_Lakhs]]>=1,"Highly Popular", IF(Table13[[#This Row],[Number_Review_Lakhs]]>=0.5,"Popular","Less Popular")) -> Less Popular | S6: =IF(Table13[[#This Row],[Visit_Time_Hrs]]<=2,"Short Visit", IF(Table13[[#This Row],[Visit_Time_Hrs]]<=5,"Medium Visit","Full Day")) -> Short Visit | T6: =IF(Table13[[#This Row],[Airport_50km_Radius]]="Yes","Accessible","Remote") -> Accessible | U6: =IF(Table13[[#This Row],[Reiew_Rating]]>=4.7,"Yes","No") -> No | V6: =IF(OR(N6="Historical",N6="Artistic",N6="Religious",N6="Architectural"), "Heritage & Culture", IF(OR(N6="Environmental",N6="Botanical",N6="Scenic",N6="Wildlife",N6="Nature"), "Nature & Wildlife", IF(OR(N6="Recreational",N6="Market",N6="Entertainment"), "Leisure & Commerce", IF(N6="Scientific", "Science & Education", "Other")))) -> Science & Education | W6: =REPT("★", ROUND(H6, 0)) & REPT("☆", 5 - ROUND(H6, 0)) -> ★★★★☆ | X6: =ROUND(H6, 0) & " / 5 Stars" -> 4 / 5 Stars | Y6: =IF(P6>=1.5, "High Traffic", IF(P6>=0.4, "Medium Traffic", "Low Traffic")) -> Low Traffic
A7: Northern | B7: Delhi | C7: Delhi | D7: Chandni Chowk | E7: Market | F7: 1700 | G7: 3 | H7: 4.2 | I7: =IF(Table13[[#This Row],[Reiew_Rating]]>=4.5,"Excellent", IF(Table13[[#This Row],[Reiew_Rating]]>=4,"Good","Average")) -> Good | J7: 0 | K7: =IF(Table13[[#This Row],[Entrance_Fee_INR]]=0,"Free","Paid") -> Free | L7: Yes | M7: Sunday | N7: Market | O7: Yes | P7: 0.25 | Q7: Afternoon | R7: =IF(Table13[[#This Row],[Number_Review_Lakhs]]>=1,"Highly Popular", IF(Table13[[#This Row],[Number_Review_Lakhs]]>=0.5,"Popular","Less Popular")) -> Less Popular | S7: =IF(Table13[[#This Row],[Visit_Time_Hrs]]<=2,"Short Visit", IF(Table13[[#This Row],[Visit_Time_Hrs]]<=5,"Medium Visit","Full Day")) -> Medium Visit | T7: =IF(Table13[[#This Row],[Airport_50km_Radius]]="Yes","Accessible","Remote") -> Accessible | U7: =IF(Table13[[#This Row],[Reiew_Rating]]>=4.7,"Yes","No") -> No | V7: =IF(OR(N7="Historical",N7="Artistic",N7="Religious",N7="Architectural"), "Heritage & Culture", IF(OR(N7="Environmental",N7="Botanical",N7="Scenic",N7="Wildlife",N7="Nature"), "Nature & Wildlife", IF(OR(N7="Recreational",N7="Market",N7="Entertainment"), "Leisure & Commerce", IF(N7="Scientific", "Science & Education", "Other")))) -> Leisure & Commerce | W7: =REPT("★", ROUND(H7, 0)) & REPT("☆", 5 - ROUND(H7, 0)) -> ★★★★☆ | X7: =ROUND(H7, 0) & " / 5 Stars" -> 4 / 5 Stars | Y7: =IF(P7>=1.5, "High Traffic", IF(P7>=0.4, "Medium Traffic", "Low Traffic")) -> Low Traffic
A8: Northern | B8: Delhi | C8: Delhi | D8: Lotus Temple | E8: Temple | F8: 1986 | G8: 1 | H8: 4.5 | I8: =IF(Table13[[#This Row],[Reiew_Rating]]>=4.5,"Excellent", IF(Table13[[#This Row],[Reiew_Rating]]>=4,"Good","Average")) -> Excellent | J8: 0 | K8: =IF(Table13[[#This Row],[Entrance_Fee_INR]]=0,"Free","Paid") -> Free | L8: Yes | M8: Monday | N8: Religious | O8: Yes | P8: 0.59 | Q8: Evening | R8: =IF(Table13[[#This Row],[Number_Review_Lakhs]]>=1,"Highly Popular", IF(Table13[[#This Row],[Number_Review_Lakhs]]>=0.5,"Popular","Less Popular")) -> Popular | S8: =IF(Table13[[#This Row],[Visit_Time_Hrs]]<=2,"Short Visit", IF(Table13[[#This Row],[Visit_Time_Hrs]]<=5,"Medium Visit","Full Day")) -> Short Visit | T8: =IF(Table13[[#This Row],[Airport_50km_Radius]]="Yes","Accessible","Remote") -> Accessible | U8: =IF(Table13[[#This Row],[Reiew_Rating]]>=4.7,"Yes","No") -> No | V8: =IF(OR(N8="Historical",N8="Artistic",N8="Religious",N8="Architectural"), "Heritage & Culture", IF(OR(N8="Environmental",N8="Botanical",N8="Scenic",N8="Wildlife",N8="Nature"), "Nature & Wildlife", IF(OR(N8="Recreational",N8="Market",N8="Entertainment"), "Leisure & Commerce", IF(N8="Scientific", "Science & Education", "Other")))) -> Heritage & Culture | W8: =REPT("★", ROUND(H8, 0)) & REPT("☆", 5 - ROUND(H8, 0)) -> ★★★★★ | X8: =ROUND(H8, 0) & " / 5 Stars" -> 5 / 5 Stars | Y8: =IF(P8>=1.5, "High Traffic", IF(P8>=0.4, "Medium Traffic", "Low Traffic")) -> Medium Traffic
A9: Northern | B9: Delhi | C9: Delhi | D9: Red Fort | E9: Fort | F9: 1648 | G9: 2 | H9: 4.5 | I9: =IF(Table13[[#This Row],[Reiew_Rating]]>=4.5,"Excellent", IF(Table13[[#This Row],[Reiew_Rating]]>=4,"Good","Average")) -> Excellent | J9: 35 | K9: =IF(Table13[[#This Row],[Entrance_Fee_INR]]=0,"Free","Paid") -> Paid | L9: Yes | M9: Tuesday | N9: Historical | O9: Yes | P9: 1.5 | Q9: Afternoon | R9: =IF(Table13[[#This Row],[Number_Review_Lakhs]]>=1,"Highly Popular", IF(Table13[[#This Row],[Number_Review_Lakhs]]>=0.5,"Popular","Less Popular")) -> Highly Popular | S9: =IF(Table13[[#This Row],[Visit_Time_Hrs]]<=2,"Short Visit", IF(Table13[[#This Row],[Visit_Time_Hrs]]<=5,"Medium Visit","Full Day")) -> Short Visit | T9: =IF(Table13[[#This Row],[Airport_50km_Radius]]="Yes","Accessible","Remote") -> Accessible | U9: =IF(Table13[[#This Row],[Reiew_Rating]]>=4.7,"Yes","No") -> No | V9: =IF(OR(N9="Historical",N9="Artistic",N9="Religious",N9="Architectural"), "Heritage & Culture", IF(OR(N9="Environmental",N9="Botanical",N9="Scenic",N9="Wildlife",N9="Nature"), "Nature & Wildlife", IF(OR(N9="Recreational",N9="Market",N9="Entertainment"), "Leisure & Commerce", IF(N9="Scientific", "Science & Education", "Other")))) -> Heritage & Culture | W9: =REPT("★", ROUND(H9, 0)) & REPT("☆", 5 - ROUND(H9, 0)) -> ★★★★★ | X9: =ROUND(H9, 0) & " / 5 Stars" -> 5 / 5 Stars | Y9: =IF(P9>=1.5, "High Traffic", IF(P9>=0.4, "Medium Traffic", "Low Traffic")) -> High Traffic
A10: Northern | B10: Delhi | C10: Delhi | D10: Agrasen ki Baoli | E10: Stepwell | F10: 1400 | G10: 1 | H10: 4.2 | I10: =IF(Table13[[#This Row],[Reiew_Rating]]>=4.5,"Excellent", IF(Table13[[#This Row],[Reiew_Rating]]>=4,"Good","Average")) -> Good | J10: 0 | K10: =IF(Table13[[#This Row],[Entrance_Fee_INR]]=0,"Free","Paid") -> Free | L10: Yes | M10: Wednesday | N10: Historical | O10: Yes | P10: 0.41 | Q10: Afternoon | R10: =IF(Table13[[#This Row],[Number_Review_Lakhs]]>=1,"Highly Popular", IF(Table13[[#This Row],[Number_Review_Lakhs]]>=0.5,"Popular","Less Popular")) -> Less Popular | S10: =IF(Table13[[#This Row],[Visit_Time_Hrs]]<=2,"Short Visit", IF(Table13[[#This Row],[Visit_Time_Hrs]]<=5,"Medium Visit","Full Day")) -> Short Visit | T10: =IF(Table13[[#This Row],[Airport_50km_Radius]]="Yes","Accessible","Remote") -> Accessible | U10: =IF(Table13[[#This Row],[Reiew_Rating]]>=4.7,"Yes","No") -> No | V10: =IF(OR(N10="Historical",N10="Artistic",N10="Religious",N10="Architectural"), "Heritage & Culture", IF(OR(N10="Environmental",N10="Botanical",N10="Scenic",N10="Wildlife",N10="Nature"), "Nature & Wildlife", IF(OR(N10="Recreational",N10="Market",N10="Entertainment"), "Leisure & Commerce", IF(N10="Scientific", "Science & Education", "Other")))) -> Heritage & Culture | W10: =REPT("★", ROUND(H10, 0)) & REPT("☆", 5 - ROUND(H10, 0)) -> ★★★★☆ | X10: =ROUND(H10, 0) & " / 5 Stars" -> 4 / 5 Stars | Y10: =IF(P10>=1.5, "High Traffic", IF(P10>=0.4, "Medium Traffic", "Low Traffic")) -> Medium Traffic
A11: Northern | B11: Delhi | C11: Delhi | D11: Sunder Nursery | E11: Park | F11: 1600 | G11: 2 | H11: 4.6 | I11: =IF(Table13[[#This Row],[Reiew_Rating]]>=4.5,"Excellent", IF(Table13[[#This Row],[Reiew_Rating]]>=4,"Good","Average")) -> Excellent | J11: 0 | K11: =IF(Table13[[#This Row],[Entrance_Fee_INR]]=0,"Free","Paid") -> Free | L11: Yes | M11: Wednesday | N11: Botanical | O11: Yes | P11: 0.16 | Q11: Afternoon | R11: =IF(Table13[[#This Row],[Number_Review_Lakhs]]>=1,"Highly Popular", IF(Table13[[#This Row],[Number_Review_Lakhs]]>=0.5,"Popular","Less Popular")) -> Less Popular | S11: =IF(Table13[[#This Row],[Visit_Time_Hrs]]<=2,"Short Visit", IF(Table13[[#This Row],[Visit_Time_Hrs]]<=5,"Medium Visit","Full Day")) -> Short Visit | T11: =IF(Table13[[#This Row],[Airport_50km_Radius]]="Yes","Accessible","Remote") -> Accessible | U11: =IF(Table13[[#This Row],[Reiew_Rating]]>=4.7,"Yes","No") -> No | V11: =IF(OR(N11="Historical",N11="Artistic",N11="Religious",N11="Architectural"), "Heritage & Culture", IF(OR(N11="Environmental",N11="Botanical",N11="Scenic",N11="Wildlife",N11="Nature"), "Nature & Wildlife", IF(OR(N11="Recreational",N11="Market",N11="Entertainment"), "Leisure & Commerce", IF(N11="Scientific", "Science & Education", "Other")))) -> Nature & Wildlife | W11: =REPT("★", ROUND(H11, 0)) & REPT("☆", 5 - ROUND(H11, 0)) -> ★★★★★ | X11: =ROUND(H11, 0) & " / 5 Stars" -> 5 / 5 Stars | Y11: =IF(P11>=1.5, "High Traffic", IF(P11>=0.4, "Medium Traffic", "Low Traffic")) -> Low Traffic
A12: Northern | B12: Delhi | C12: Delhi | D12: Garden of Five Senses | E12: Park | F12: 2003 | G12: 2 | H12: 4.1 | I12: =IF(Table13[[#This Row],[Reiew_Rating]]>=4.5,"Excellent", IF(Table13[[#This Row],[Reiew_Rating]]>=4,"Good","Average")) -> Good | J12: 35 | K12: =IF(Table13[[#This Row],[Entrance_Fee_INR]]=0,"Free","Paid") -> Paid | L12: Yes | M12: Friday | N12: Botanical | O12: Yes | P12: 0.23 | Q12: Morning | R12: =IF(Table13[[#This Row],[Number_Review_Lakhs]]>=1,"Highly Popular", IF(Table13[[#This Row],[Number_Review_Lakhs]]>=0.5,"Popular","Less Popular")) -> Less Popular | S12: =IF(Table13[[#This Row],[Visit_Time_Hrs]]<=2,"Short Visit", IF(Table13[[#This Row],[Visit_Time_Hrs]]<=5,"Medium Visit","Full Day")) -> Short Visit | T12: =IF(Table13[[#This Row],[Airport_50km_Radius]]="Yes","Accessible","Remote") -> Accessible | U12: =IF(Table13[[#This Row],[Reiew_Rating]]>=4.7,"Yes","No") -> No | V12: =IF(OR(N12="Historical",N12="Artistic",N12="Religious",N12="Architectural"), "Heritage & Culture", IF(OR(N12="Environmental",N12="Botanical",N12="Scenic",N12="Wildlife",N12="Nature"), "Nature & Wildlife", IF(OR(N12="Recreational",N12="Market",N12="Entertainment"), "Leisure & Commerce", IF(N12="Scientific", "Science & Education", "Other")))) -> Nature & Wildlife | W12: =REPT("★", ROUND(H12, 0)) & REPT("☆", 5 - ROUND(H12, 0)) -> ★★★★☆ | X12: =ROUND(H12, 0) & " / 5 Stars" -> 4 / 5 Stars | Y12: =IF(P12>=1.5, "High Traffic", IF(P12>=0.4, "Medium Traffic", "Low Traffic")) -> Low Traffic
A13: Northern | B13: Delhi | C13: Delhi | D13: Lodhi Garden | E13: Park | F13: 1500 | G13: 1 | H13: 4.5 | I13: =IF(Table13[[#This Row],[Reiew_Rating]]>=4.5,"Excellent", IF(Table13[[#This Row],[Reiew_Rating]]>=4,"Good","Average")) -> Excellent | J13: 0 | K13: =IF(Table13[[#This Row],[Entrance_Fee_INR]]=0,"Free","Paid") -> Free | L13: Yes | M13: Thursday | N13: Botanical | O13: Yes | P13: 0.48 | Q13: All | R13: =IF(Table13[[#This Row],[Number_Review_Lakhs]]>=1,"Highly Popular", IF(Table13[[#This Row],[Number_Review_Lakhs]]>=0.5,"Popular","Less Popular")) -> Less Popular | S13: =IF(Table13[[#This Row],[Visit_Time_Hrs]]<=2,"Short Visit", IF(Table13[[#This Row],[Visit_Time_Hrs]]<=5,"Medium Visit","Full Day")) -> Short Visit | T13: =IF(Table13[[#This Row],[Airport_50km_Radius]]="Yes","Accessible","Remote") -> Accessible | U13: =IF(Table13[[#This Row],[Reiew_Rating]]>=4.7,"Yes","No") -> No | V13: =IF(OR(N13="Historical",N13="Artistic",N13="Religious",N13="Architectural"), "Heritage & Culture", IF(OR(N13="Environmental",N13="Botanical",N13="Scenic",N13="Wildlife",N13="Nature"), "Nature & Wildlife", IF(OR(N13="Recreational",N13="Market",N13="Entertainment"), "Leisure & Commerce", IF(N13="Scientific", "Science & Education", "Other")))) -> Nature & Wildlife | W13: =REPT("★", ROUND(H13, 0)) & REPT("☆", 5 - ROUND(H13, 0)) -> ★★★★★ | X13: =ROUND(H13, 0) & " / 5 Stars" -> 5 / 5 Stars | Y13: =IF(P13>=1.5, "High Traffic", IF(P13>=0.4, "Medium Traffic", "Low Traffic")) -> Medium Traffic
... A226: Eastern | B226: West Bengal | C226: Purulia | D226: Ayodhya Hills | E226: Hill | F226: 1719 | G226: 2.5 | H226: 4.5 | I226: =IF(Table13[[#This Row],[Reiew_Rating]]>=4.5,"Excellent", IF(Table13[[#This Row],[Reiew_Rating]]>=4,"Good","Average")) -> Excellent | J226: 0 | K226: =IF(Table13[[#This Row],[Entrance_Fee_INR]]=0,"Free","Paid") -> Free | L226: No | M226: Wednesday | N226: Nature | O226: Yes | P226: 0.15 | Q226: All | R226: =IF(Table13[[#This Row],[Number_Review_Lakhs]]>=1,"Highly Popular", IF(Table13[[#This Row],[Number_Review_Lakhs]]>=0.5,"Popular","Less Popular")) -> Less Popular | S226: =IF(Table13[[#This Row],[Visit_Time_Hrs]]<=2,"Short Visit", IF(Table13[[#This Row],[Visit_Time_Hrs]]<=5,"Medium Visit","Full Day")) -> Medium Visit | T226: =IF(Table13[[#This Row],[Airport_50km_Radius]]="Yes","Accessible","Remote") -> Remote | U226: =IF(Table13[[#This Row],[Reiew_Rating]]>=4.7,"Yes","No") -> No | V226: =IF(OR(N226="Historical",N226="Artistic",N226="Religious",N226="Architectural"), "Heritage & Culture", IF(OR(N226="Environmental",N226="Botanical",N226="Scenic",N226="Wildlife",N226="Nature"), "Nature & Wildlife", IF(OR(N226="Recreational",N226="Market",N226="Entertainment"), "Leisure & Commerce", IF(N226="Scientific", "Science & Education", "Other")))) -> Nature & Wildlife | W226: =REPT("★", ROUND(H226, 0)) & REPT("☆", 5 - ROUND(H226, 0)) -> ★★★★★ | X226: =ROUND(H226, 0) & " / 5 Stars" -> 5 / 5 Stars | Y226: =IF(P226>=1.5, "High Traffic", IF(P226>=0.4, "Medium Traffic", "Low Traffic")) -> Low Traffic
A227: Eastern | B227: Odisha | C227: Puri | D227: Jagannath Temple | E227: Temple | F227: 12th century | G227: 2 | H227: 4.7 | I227: =IF(Table13[[#This Row],[Reiew_Rating]]>=4.5,"Excellent", IF(Table13[[#This Row],[Reiew_Rating]]>=4,"Good","Average")) -> Excellent | J227: 0 | K227: =IF(Table13[[#This Row],[Entrance_Fee_INR]]=0,"Free","Paid") -> Free | L227: Yes | M227: Sunday | N227: Religious | O227: No | P227: 1 | Q227: All | R227: =IF(Table13[[#This Row],[Number_Review_Lakhs]]>=1,"Highly Popular", IF(Table13[[#This Row],[Number_Review_Lakhs]]>=0.5,"Popular","Less Popular")) -> Highly Popular | S227: =IF(Table13[[#This Row],[Visit_Time_Hrs]]<=2,"Short Visit", IF(Table13[[#This Row],[Visit_Time_Hrs]]<=5,"Medium Visit","Full Day")) -> Short Visit | T227: =IF(Table13[[#This Row],[Airport_50km_Radius]]="Yes","Accessible","Remote") -> Accessible | U227: =IF(Table13[[#This Row],[Reiew_Rating]]>=4.7,"Yes","No") -> Yes | V227: =IF(OR(N227="Historical",N227="Artistic",N227="Religious",N227="Architectural"), "Heritage & Culture", IF(OR(N227="Environmental",N227="Botanical",N227="Scenic",N227="Wildlife",N227="Nature"), "Nature & Wildlife", IF(OR(N227="Recreational",N227="Market",N227="Entertainment"), "Leisure & Commerce", IF(N227="Scientific", "Science & Education", "Other")))) -> Heritage & Culture | W227: =REPT("★", ROUND(H227, 0)) & REPT("☆", 5 - ROUND(H227, 0)) -> ★★★★★ | X227: =ROUND(H227, 0) & " / 5 Stars" -> 5 / 5 Stars | Y227: =IF(P227>=1.5, "High Traffic", IF(P227>=0.4, "Medium Traffic", "Low Traffic")) -> Medium Traffic
A228: Eastern | B228: Odisha | C228: Konark | D228: Sun Temple | E228: Temple | F228: 1250 | G228: 1.5 | H228: 4.7 | I228: =IF(Table13[[#This Row],[Reiew_Rating]]>=4.5,"Excellent", IF(Table13[[#This Row],[Reiew_Rating]]>=4,"Good","Average")) -> Excellent | J228: 40 | K228: =IF(Table13[[#This Row],[Entrance_Fee_INR]]=0,"Free","Paid") -> Paid | L228: Yes | M228: Wednesday | N228: Historical | O228: Yes | P228: 0.83 | Q228: All | R228: =IF(Table13[[#This Row],[Number_Review_Lakhs]]>=1,"Highly Popular", IF(Table13[[#This Row],[Number_Review_Lakhs]]>=0.5,"Popular","Less Popular")) -> Popular | S228: =IF(Table13[[#This Row],[Visit_Time_Hrs]]<=2,"Short Visit", IF(Table13[[#This Row],[Visit_Time_Hrs]]<=5,"Medium Visit","Full Day")) -> Short Visit | T228: =IF(Table13[[#This Row],[Airport_50km_Radius]]="Yes","Accessible","Remote") -> Accessible | U228: =IF(Table13[[#This Row],[Reiew_Rating]]>=4.7,"Yes","No") -> Yes | V228: =IF(OR(N228="Historical",N228="Artistic",N228="Religious",N228="Architectural"), "Heritage & Culture", IF(OR(N228="Environmental",N228="Botanical",N228="Scenic",N228="Wildlife",N228="Nature"), "Nature & Wildlife", IF(OR(N228="Recreational",N228="Market",N228="Entertainment"), "Leisure & Commerce", IF(N228="Scientific", "Science & Education", "Other")))) -> Heritage & Culture | W228: =REPT("★", ROUND(H228, 0)) & REPT("☆", 5 - ROUND(H228, 0)) -> ★★★★★ | X228: =ROUND(H228, 0) & " / 5 Stars" -> 5 / 5 Stars | Y228: =IF(P228>=1.5, "High Traffic", IF(P228>=0.4, "Medium Traffic", "Low Traffic")) -> Medium Traffic
A229: Eastern | B229: Odisha | C229: Bhubaneswar | D229: Lingaraj Temple | E229: Temple | F229: 11th century | G229: 1 | H229: 4.6 | I229: =IF(Table13[[#This Row],[Reiew_Rating]]>=4.5,"Excellent", IF(Table13[[#This Row],[Reiew_Rating]]>=4,"Good","Average")) -> Excellent | J229: 0 | K229: =IF(Table13[[#This Row],[Entrance_Fee_INR]]=0,"Free","Paid") -> Free | L229: Yes | M229: Friday | N229: Religious | O229: No | P229: 0.35 | Q229: All | R229: =IF(Table13[[#This Row],[Number_Review_Lakhs]]>=1,"Highly Popular", IF(Table13[[#This Row],[Number_Review_Lakhs]]>=0.5,"Popular","Less Popular")) -> Less Popular | S229: =IF(Table13[[#This Row],[Visit_Time_Hrs]]<=2,"Short Visit", IF(Table13[[#This Row],[Visit_Time_Hrs]]<=5,"Medium Visit","Full Day")) -> Short Visit | T229: =IF(Table13[[#This Row],[Airport_50km_Radius]]="Yes","Accessible","Remote") -> Accessible | U229: =IF(Table13[[#This Row],[Reiew_Rating]]>=4.7,"Yes","No") -> No | V229: =IF(OR(N229="Historical",N229="Artistic",N229="Religious",N229="Architectural"), "Heritage & Culture", IF(OR(N229="Environmental",N229="Botanical",N229="Scenic",N229="Wildlife",N229="Nature"), "Nature & Wildlife", IF(OR(N229="Recreational",N229="Market",N229="Entertainment"), "Leisure & Commerce", IF(N229="Scientific", "Science & Education", "Other")))) -> Heritage & Culture | W229: =REPT("★", ROUND(H229, 0)) & REPT("☆", 5 - ROUND(H229, 0)) -> ★★★★★ | X229: =ROUND(H229, 0) & " / 5 Stars" -> 5 / 5 Stars | Y229: =IF(P229>=1.5, "High Traffic", IF(P229>=0.4, "Medium Traffic", "Low Traffic")) -> Low Traffic
A230: Eastern | B230: Odisha | C230: Rourkela | D230: Khandadhar Waterfall | E230: Waterfall | F230: 1774 | G230: 1.5 | H230: 4.5 | I230: =IF(Table13[[#This Row],[Reiew_Rating]]>=4.5,"Excellent", IF(Table13[[#This Row],[Reiew_Rating]]>=4,"Good","Average")) -> Excellent | J230: 0 | K230: =IF(Table13[[#This Row],[Entrance_Fee_INR]]=0,"Free","Paid") -> Free | L230: No | M230: Sunday | N230: Nature | O230: Yes | P230: 1.2 | Q230: All | R230: =IF(Table13[[#This Row],[Number_Review_Lakhs]]>=1,"Highly Popular", IF(Table13[[#This Row],[Number_Review_Lakhs]]>=0.5,"Popular","Less Popular")) -> Highly Popular | S230: =IF(Table13[[#This Row],[Visit_Time_Hrs]]<=2,"Short Visit", IF(Table13[[#This Row],[Visit_Time_Hrs]]<=5,"Medium Visit","Full Day")) -> Short Visit | T230: =IF(Table13[[#This Row],[Airport_50km_Radius]]="Yes","Accessible","Remote") -> Remote | U230: =IF(Table13[[#This Row],[Reiew_Rating]]>=4.7,"Yes","No") -> No | V230: =IF(OR(N230="Historical",N230="Artistic",N230="Religious",N230="Architectural"), "Heritage & Culture", IF(OR(N230="Environmental",N230="Botanical",N230="Scenic",N230="Wildlife",N230="Nature"), "Nature & Wildlife", IF(OR(N230="Recreational",N230="Market",N230="Entertainment"), "Leisure & Commerce", IF(N230="Scientific", "Science & Education", "Other")))) -> Nature & Wildlife | W230: =REPT("★", ROUND(H230, 0)) & REPT("☆", 5 - ROUND(H230, 0)) -> ★★★★★ | X230: =ROUND(H230, 0) & " / 5 Stars" -> 5 / 5 Stars | Y230: =IF(P230>=1.5, "High Traffic", IF(P230>=0.4, "Medium Traffic", "Low Traffic")) -> Medium Traffic
A231: Eastern | B231: Odisha | C231: Cuttack | D231: Barabati Fort | E231: Fort | F231: -987 | G231: 1 | H231: 4.5 | I231: =IF(Table13[[#This Row],[Reiew_Rating]]>=4.5,"Excellent", IF(Table13[[#This Row],[Reiew_Rating]]>=4,"Good","Average")) -> Excellent | J231: 0 | K231: =IF(Table13[[#This Row],[Entrance_Fee_INR]]=0,"Free","Paid") -> Free | L231: Yes | M231: Saturday | N231: Historical | O231: Yes | P231: 0.13 | Q231: All | R231: =IF(Table13[[#This Row],[Number_Review_Lakhs]]>=1,"Highly Popular", IF(Table13[[#This Row],[Number_Review_Lakhs]]>=0.5,"Popular","Less Popular")) -> Less Popular | S231: =IF(Table13[[#This Row],[Visit_Time_Hrs]]<=2,"Short Visit", IF(Table13[[#This Row],[Visit_Time_Hrs]]<=5,"Medium Visit","Full Day")) -> Short Visit | T231: =IF(Table13[[#This Row],[Airport_50km_Radius]]="Yes","Accessible","Remote") -> Accessible | U231: =IF(Table13[[#This Row],[Reiew_Rating]]>=4.7,"Yes","No") -> No | V231: =IF(OR(N231="Historical",N231="Artistic",N231="Religious",N231="Architectural"), "Heritage & Culture", IF(OR(N231="Environmental",N231="Botanical",N231="Scenic",N231="Wildlife",N231="Nature"), "Nature & Wildlife", IF(OR(N231="Recreational",N231="Market",N231="Entertainment"), "Leisure & Commerce", IF(N231="Scientific", "Science & Education", "Other")))) -> Heritage & Culture | W231: =REPT("★", ROUND(H231, 0)) & REPT("☆", 5 - ROUND(H231, 0)) -> ★★★★★ | X231: =ROUND(H231, 0) & " / 5 Stars" -> 5 / 5 Stars | Y231: =IF(P231>=1.5, "High Traffic", IF(P231>=0.4, "Medium Traffic", "Low Traffic")) -> Low Traffic
A232: Eastern | B232: Odisha | C232: Sambalpur | D232: Hirakud Dam | E232: Dam | F232: 1957 | G232: 1 | H232: 4.5 | I232: =IF(Table13[[#This Row],[Reiew_Rating]]>=4.5,"Excellent", IF(Table13[[#This Row],[Reiew_Rating]]>=4,"Good","Average")) -> Excellent | J232: 0 | K232: =IF(Table13[[#This Row],[Entrance_Fee_INR]]=0,"Free","Paid") -> Free | L232: No | M232: Monday | N232: Engineering Marvel | O232: Yes | P232: 0.01 | Q232: All | R232: =IF(Table13[[#This Row],[Number_Review_Lakhs]]>=1,"Highly Popular", IF(Table13[[#This Row],[Number_Review_Lakhs]]>=0.5,"Popular","Less Popular")) -> Less Popular | S232: =IF(Table13[[#This Row],[Visit_Time_Hrs]]<=2,"Short Visit", IF(Table13[[#This Row],[Visit_Time_Hrs]]<=5,"Medium Visit","Full Day")) -> Short Visit | T232: =IF(Table13[[#This Row],[Airport_50km_Radius]]="Yes","Accessible","Remote") -> Remote | U232: =IF(Table13[[#This Row],[Reiew_Rating]]>=4.7,"Yes","No") -> No | V232: =IF(OR(N232="Historical",N232="Artistic",N232="Religious",N232="Architectural"), "Heritage & Culture", IF(OR(N232="Environmental",N232="Botanical",N232="Scenic",N232="Wildlife",N232="Nature"), "Nature & Wildlife", IF(OR(N232="Recreational",N232="Market",N232="Entertainment"), "Leisure & Commerce", IF(N232="Scientific", "Science & Education", "Other")))) -> Other | W232: =REPT("★", ROUND(H232, 0)) & REPT("☆", 5 - ROUND(H232, 0)) -> ★★★★★ | X232: =ROUND(H232, 0) & " / 5 Stars" -> 5 / 5 Stars | Y232: =IF(P232>=1.5, "High Traffic", IF(P232>=0.4, "Medium Traffic", "Low Traffic")) -> Low Traffic
A233: Eastern | B233: Odisha | C233: Chilika | D233: Chilika Lake | E233: Lake | F233: 1497 | G233: 2 | H233: 3.9 | I233: =IF(Table13[[#This Row],[Reiew_Rating]]>=4.5,"Excellent", IF(Table13[[#This Row],[Reiew_Rating]]>=4,"Good","Average")) -> Average | J233: 0 | K233: =IF(Table13[[#This Row],[Entrance_Fee_INR]]=0,"Free","Paid") -> Free | L233: Yes | M233: Sunday | N233: Nature | O233: Yes | P233: 0.1 | Q233: Morning | R233: =IF(Table13[[#This Row],[Number_Review_Lakhs]]>=1,"Highly Popular", IF(Table13[[#This Row],[Number_Review_Lakhs]]>=0.5,"Popular","Less Popular")) -> Less Popular | S233: =IF(Table13[[#This Row],[Visit_Time_Hrs]]<=2,"Short Visit", IF(Table13[[#This Row],[Visit_Time_Hrs]]<=5,"Medium Visit","Full Day")) -> Short Visit | T233: =IF(Table13[[#This Row],[Airport_50km_Radius]]="Yes","Accessible","Remote") -> Accessible | U233: =IF(Table13[[#This Row],[Reiew_Rating]]>=4.7,"Yes","No") -> No | V233: =IF(OR(N233="Historical",N233="Artistic",N233="Religious",N233="Architectural"), "Heritage & Culture", IF(OR(N233="Environmental",N233="Botanical",N233="Scenic",N233="Wildlife",N233="Nature"), "Nature & Wildlife", IF(OR(N233="Recreational",N233="Market",N233="Entertainment"), "Leisure & Commerce", IF(N233="Scientific", "Science & Education", "Other")))) -> Nature & Wildlife | W233: =REPT("★", ROUND(H233, 0)) & REPT("☆", 5 - ROUND(H233, 0)) -> ★★★★☆ | X233: =ROUND(H233, 0) & " / 5 Stars" -> 4 / 5 Stars | Y233: =IF(P233>=1.5, "High Traffic", IF(P233>=0.4, "Medium Traffic", "Low Traffic")) -> Low Traffic
A234: Eastern | B234: Odisha | C234: Berhampur | D234: Tara Tarini Temple | E234: Temple | F234: Ancient | G234: 1 | H234: 4.6 | I234: =IF(Table13[[#This Row],[Reiew_Rating]]>=4.5,"Excellent", IF(Table13[[#This Row],[Reiew_Rating]]>=4,"Good","Average")) -> Excellent | J234: 0 | K234: =IF(Table13[[#This Row],[Entrance_Fee_INR]]=0,"Free","Paid") -> Free | L234: Yes | M234: Sunday | N234: Religious | O234: No | P234: 0.01 | Q234: All | R234: =IF(Table13[[#This Row],[Number_Review_Lakhs]]>=1,"Highly Popular", IF(Table13[[#This Row],[Number_Review_Lakhs]]>=0.5,"Popular","Less Popular")) -> Less Popular | S234: =IF(Table13[[#This Row],[Visit_Time_Hrs]]<=2,"Short Visit", IF(Table13[[#This Row],[Visit_Time_Hrs]]<=5,"Medium Visit","Full Day")) -> Short Visit | T234: =IF(Table13[[#This Row],[Airport_50km_Radius]]="Yes","Accessible","Remote") -> Accessible | U234: =IF(Table13[[#This Row],[Reiew_Rating]]>=4.7,"Yes","No") -> No | V234: =IF(OR(N234="Historical",N234="Artistic",N234="Religious",N234="Architectural"), "Heritage & Culture", IF(OR(N234="Environmental",N234="Botanical",N234="Scenic",N234="Wildlife",N234="Nature"), "Nature & Wildlife", IF(OR(N234="Recreational",N234="Market",N234="Entertainment"), "Leisure & Commerce", IF(N234="Scientific", "Science & Education", "Other")))) -> Heritage & Culture | W234: =REPT("★", ROUND(H234, 0)) & REPT("☆", 5 - ROUND(H234, 0)) -> ★★★★★ | X234: =ROUND(H234, 0) & " / 5 Stars" -> 5 / 5 Stars | Y234: =IF(P234>=1.5, "High Traffic", IF(P234>=0.4, "Medium Traffic", "Low Traffic")) -> Low Traffic
A235: Eastern | B235: Odisha | C235: Keonjhar | D235: Badaghagara Waterfall | E235: Waterfall | F235: 1674 | G235: 1 | H235: 4.3 | I235: =IF(Table13[[#This Row],[Reiew_Rating]]>=4.5,"Excellent", IF(Table13[[#This Row],[Reiew_Rating]]>=4,"Good","Average")) -> Good | J235: 0 | K235: =IF(Table13[[#This Row],[Entrance_Fee_INR]]=0,"Free","Paid") -> Free | L235: No | M235: Tuesday | N235: Nature | O235: Yes | P235: 0.018 | Q235: Morning | R235: =IF(Table13[[#This Row],[Number_Review_Lakhs]]>=1,"Highly Popular", IF(Table13[[#This Row],[Number_Review_Lakhs]]>=0.5,"Popular","Less Popular")) -> Less Popular | S235: =IF(Table13[[#This Row],[Visit_Time_Hrs]]<=2,"Short Visit", IF(Table13[[#This Row],[Visit_Time_Hrs]]<=5,"Medium Visit","Full Day")) -> Short Visit | T235: =IF(Table13[[#This Row],[Airport_50km_Radius]]="Yes","Accessible","Remote") -> Remote | U235: =IF(Table13[[#This Row],[Reiew_Rating]]>=4.7,"Yes","No") -> No | V235: =IF(OR(N235="Historical",N235="Artistic",N235="Religious",N235="Architectural"), "Heritage & Culture", IF(OR(N235="Environmental",N235="Botanical",N235="Scenic",N235="Wildlife",N235="Nature"), "Nature & Wildlife", IF(OR(N235="Recreational",N235="Market",N235="Entertainment"), "Leisure & Commerce", IF(N235="Scientific", "Science & Education", "Other")))) -> Nature & Wildlife | W235: =REPT("★", ROUND(H235, 0)) & REPT("☆", 5 - ROUND(H235, 0)) -> ★★★★☆ | X235: =ROUND(H235, 0) & " / 5 Stars" -> 4 / 5 Stars | Y235: =IF(P235>=1.5, "High Traffic", IF(P235>=0.4, "Medium Traffic", "Low Traffic")) -> Low Traffic
A236: Eastern | B236: Odisha | C236: Balasore | D236: Chandipur Beach | E236: Beach | F236: 1483 | G236: 1.5 | H236: 4.2 | I236: =IF(Table13[[#This Row],[Reiew_Rating]]>=4.5,"Excellent", IF(Table13[[#This Row],[Reiew_Rating]]>=4,"Good","Average")) -> Good | J236: 0 | K236: =IF(Table13[[#This Row],[Entrance_Fee_INR]]=0,"Free","Paid") -> Free | L236: Yes | M236: Sunday | N236: Recreational | O236: Yes | P236: 0.014 | Q236: Morning | R236: =IF(Table13[[#This Row],[Number_Review_Lakhs]]>=1,"Highly Popular", IF(Table13[[#This Row],[Number_Review_Lakhs]]>=0.5,"Popular","Less Popular")) -> Less Popular | S236: =IF(Table13[[#This Row],[Visit_Time_Hrs]]<=2,"Short Visit", IF(Table13[[#This Row],[Visit_Time_Hrs]]<=5,"Medium Visit","Full Day")) -> Short Visit | T236: =IF(Table13[[#This Row],[Airport_50km_Radius]]="Yes","Accessible","Remote") -> Accessible | U236: =IF(Table13[[#This Row],[Reiew_Rating]]>=4.7,"Yes","No") -> No | V236: =IF(OR(N236="Historical",N236="Artistic",N236="Religious",N236="Architectural"), "Heritage & Culture", IF(OR(N236="Environmental",N236="Botanical",N236="Scenic",N236="Wildlife",N236="Nature"), "Nature & Wildlife", IF(OR(N236="Recreational",N236="Market",N236="Entertainment"), "Leisure & Commerce", IF(N236="Scientific", "Science & Education", "Other")))) -> Leisure & Commerce | W236: =REPT("★", ROUND(H236, 0)) & REPT("☆", 5 - ROUND(H236, 0)) -> ★★★★☆ | X236: =ROUND(H236, 0) & " / 5 Stars" -> 4 / 5 Stars | Y236: =IF(P236>=1.5, "High Traffic", IF(P236>=0.4, "Medium Traffic", "Low Traffic")) -> Low Traffic
A237: Eastern | B237: Odisha | C237: Kendujhar | D237: Sanaghagara Waterfall | E237: Waterfall | F237: 1929 | G237: 1 | H237: 4.4 | I237: =IF(Table13[[#This Row],[Reiew_Rating]]>=4.5,"Excellent", IF(Table13[[#This Row],[Reiew_Rating]]>=4,"Good","Average")) -> Good | J237: 0 | K237: =IF(Table13[[#This Row],[Entrance_Fee_INR]]=0,"Free","Paid") -> Free | L237: No | M237: Wednesday | N237: Nature | O237: Yes | P237: 0.055 | Q237: All | R237: =IF(Table13[[#This Row],[Number_Review_Lakhs]]>=1,"Highly Popular", IF(Table13[[#This Row],[Number_Review_Lakhs]]>=0.5,"Popular","Less Popular")) -> Less Popular | S237: =IF(Table13[[#This Row],[Visit_Time_Hrs]]<=2,"Short Visit", IF(Table13[[#This Row],[Visit_Time_Hrs]]<=5,"Medium Visit","Full Day")) -> Short Visit | T237: =IF(Table13[[#This Row],[Airport_50km_Radius]]="Yes","Accessible","Remote") -> Remote | U237: =IF(Table13[[#This Row],[Reiew_Rating]]>=4.7,"Yes","No") -> No | V237: =IF(OR(N237="Historical",N237="Artistic",N237="Religious",N237="Architectural"), "Heritage & Culture", IF(OR(N237="Environmental",N237="Botanical",N237="Scenic",N237="Wildlife",N237="Nature"), "Nature & Wildlife", IF(OR(N237="Recreational",N237="Market",N237="Entertainment"), "Leisure & Commerce", IF(N237="Scientific", "Science & Education", "Other")))) -> Nature & Wildlife | W237: =REPT("★", ROUND(H237, 0)) & REPT("☆", 5 - ROUND(H237, 0)) -> ★★★★☆ | X237: =ROUND(H237, 0) & " / 5 Stars" -> 4 / 5 Stars | Y237: =IF(P237>=1.5, "High Traffic", IF(P237>=0.4, "Medium Traffic", "Low Traffic")) -> Low Traffic
A238: Southern | B238: Tamil Nadu | C238: Chennai | D238: Marina Beach | E238: Beach | F238: 1413 | G238: 1.5 | H238: 3.9 | I238: =IF(Table13[[#This Row],[Reiew_Rating]]>=4.5,"Excellent", IF(Table13[[#This Row],[Reiew_Rating]]>=4,"Good","Average")) -> Average | J238: 0 | K238: =IF(Table13[[#This Row],[Entrance_Fee_INR]]=0,"Free","Paid") -> Free | L238: Yes | M238: Thursday | N238: Recreational | O238: Yes | P238: 0.1 | Q238: Morning | R238: =IF(Table13[[#This Row],[Number_Review_Lakhs]]>=1,"Highly Popular", IF(Table13[[#This Row],[Number_Review_Lakhs]]>=0.5,"Popular","Less Popular")) -> Less Popular | S238: =IF(Table13[[#This Row],[Visit_Time_Hrs]]<=2,"Short Visit", IF(Table13[[#This Row],[Visit_Time_Hrs]]<=5,"Medium Visit","Full Day")) -> Short Visit | T238: =IF(Table13[[#This Row],[Airport_50km_Radius]]="Yes","Accessible","Remote") -> Accessible | U238: =IF(Table13[[#This Row],[Reiew_Rating]]>=4.7,"Yes","No") -> No | V238: =IF(OR(N238="Historical",N238="Artistic",N238="Religious",N238="Architectural"), "Heritage & Culture", IF(OR(N238="Environmental",N238="Botanical",N238="Scenic",N238="Wildlife",N238="Nature"), "Nature & Wildlife", IF(OR(N238="Recreational",N238="Market",N238="Entertainment"), "Leisure & Commerce", IF(N238="Scientific", "Science & Education", "Other")))) -> Leisure & Commerce | W238: =REPT("★", ROUND(H238, 0)) & REPT("☆", 5 - ROUND(H238, 0)) -> ★★★★☆ | X238: =ROUND(H238, 0) & " / 5 Stars" -> 4 / 5 Stars | Y238: =IF(P238>=1.5, "High Traffic", IF(P238>=0.4, "Medium Traffic", "Low Traffic")) -> Low Traffic
A239: Southern | B239: Tamil Nadu | C239: Madurai | D239: Meenakshi Amman Temple | E239: Temple | F239: 6th century AD | G239: 2 | H239: 4.7 | I239: =IF(Table13[[#This Row],[Reiew_Rating]]>=4.5,"Excellent", IF(Table13[[#This Row],[Reiew_Rating]]>=4,"Good","Average")) -> Excellent | J239: 0 | K239: =IF(Table13[[#This Row],[Entrance_Fee_INR]]=0,"Free","Paid") -> Free | L239: Yes | M239: Monday | N239: Religious | O239: No | P239: 0.65 | Q239: All | R239: =IF(Table13[[#This Row],[Number_Review_Lakhs]]>=1,"Highly Popular", IF(Table13[[#This Row],[Number_Review_Lakhs]]>=0.5,"Popular","Less Popular")) -> Popular | S239: =IF(Table13[[#This Row],[Visit_Time_Hrs]]<=2,"Short Visit", IF(Table13[[#This Row],[Visit_Time_Hrs]]<=5,"Medium Visit","Full Day")) -> Short Visit | T239: =IF(Table13[[#This Row],[Airport_50km_Radius]]="Yes","Accessible","Remote") -> Accessible | U239: =IF(Table13[[#This Row],[Reiew_Rating]]>=4.7,"Yes","No") -> Yes | V239: =IF(OR(N239="Historical",N239="Artistic",N239="Religious",N239="Architectural"), "Heritage & Culture", IF(OR(N239="Environmental",N239="Botanical",N239="Scenic",N239="Wildlife",N239="Nature"), "Nature & Wildlife", IF(OR(N239="Recreational",N239="Market",N239="Entertainment"), "Leisure & Commerce", IF(N239="Scientific", "Science & Education", "Other")))) -> Heritage & Culture | W239: =REPT("★", ROUND(H239, 0)) & REPT("☆", 5 - ROUND(H239, 0)) -> ★★★★★ | X239: =ROUND(H239, 0) & " / 5 Stars" -> 5 / 5 Stars | Y239: =IF(P239>=1.5, "High Traffic", IF(P239>=0.4, "Medium Traffic", "Low Traffic")) -> Medium Traffic
A240: Southern | B240: Tamil Nadu | C240: Rameswaram | D240: Ramanathaswamy Temple | E240: Temple | F240: 12th century | G240: 1.5 | H240: 4.6 | I240: =IF(Table13[[#This Row],[Reiew_Rating]]>=4.5,"Excellent", IF(Table13[[#This Row],[Reiew_Rating]]>=4,"Good","Average")) -> Excellent | J240: 0 | K240: =IF(Table13[[#This Row],[Entrance_Fee_INR]]=0,"Free","Paid") -> Free | L240: No | M240: Saturday | N240: Religious | O240: No | P240: 0.01 | Q240: All | R240: =IF(Table13[[#This Row],[Number_Review_Lakhs]]>=1,"Highly Popular", IF(Table13[[#This Row],[Number_Review_Lakhs]]>=0.5,"Popular","Less Popular")) -> Less Popular | S240: =IF(Table13[[#This Row],[Visit_Time_Hrs]]<=2,"Short Visit", IF(Table13[[#This Row],[Visit_Time_Hrs]]<=5,"Medium Visit","Full Day")) -> Short Visit | T240: =IF(Table13[[#This Row],[Airport_50km_Radius]]="Yes","Accessible","Remote") -> Remote | U240: =IF(Table13[[#This Row],[Reiew_Rating]]>=4.7,"Yes","No") -> No | V240: =IF(OR(N240="Historical",N240="Artistic",N240="Religious",N240="Architectural"), "Heritage & Culture", IF(OR(N240="Environmental",N240="Botanical",N240="Scenic",N240="Wildlife",N240="Nature"), "Nature & Wildlife", IF(OR(N240="Recreational",N240="Market",N240="Entertainment"), "Leisure & Commerce", IF(N240="Scientific", "Science & Education", "Other")))) -> Heritage & Culture | W240: =REPT("★", ROUND(H240, 0)) & REPT("☆", 5 - ROUND(H240, 0)) -> ★★★★★ | X240: =ROUND(H240, 0) & " / 5 Stars" -> 5 / 5 Stars | Y240: =IF(P240>=1.5, "High Traffic", IF(P240>=0.4, "Medium Traffic", "Low Traffic")) -> Low Traffic
A241: Southern | B241: Tamil Nadu | C241: Kanyakumari | D241: Vivekananda Rock Memorial | E241: Memorial | F241: 1970 | G241: 1 | H241: 4.6 | I241: =IF(Table13[[#This Row],[Reiew_Rating]]>=4.5,"Excellent", IF(Table13[[#This Row],[Reiew_Rating]]>=4,"Good","Average")) -> Excellent | J241: 20 | K241: =IF(Table13[[#This Row],[Entrance_Fee_INR]]=0,"Free","Paid") -> Paid | L241: Yes | M241: Wednesday | N241: Historical | O241: No | P241: 0.47 | Q241: Morning | R241: =IF(Table13[[#This Row],[Number_Review_Lakhs]]>=1,"Highly Popular", IF(Table13[[#This Row],[Number_Review_Lakhs]]>=0.5,"Popular","Less Popular")) -> Less Popular | S241: =IF(Table13[[#This Row],[Visit_Time_Hrs]]<=2,"Short Visit", IF(Table13[[#This Row],[Visit_Time_Hrs]]<=5,"Medium Visit","Full Day")) -> Short Visit | T241: =IF(Table13[[#This Row],[Airport_50km_Radius]]="Yes","Accessible","Remote") -> Accessible | U241: =IF(Table13[[#This Row],[Reiew_Rating]]>=4.7,"Yes","No") -> No | V241: =IF(OR(N241="Historical",N241="Artistic",N241="Religious",N241="Architectural"), "Heritage & Culture", IF(OR(N241="Environmental",N241="Botanical",N241="Scenic",N241="Wildlife",N241="Nature"), "Nature & Wildlife", IF(OR(N241="Recreational",N241="Market",N241="Entertainment"), "Leisure & Commerce", IF(N241="Scientific", "Science & Education", "Other")))) -> Heritage & Culture | W241: =REPT("★", ROUND(H241, 0)) & REPT("☆", 5 - ROUND(H241, 0)) -> ★★★★★ | X241: =ROUND(H241, 0) & " / 5 Stars" -> 5 / 5 Stars | Y241: =IF(P241>=1.5, "High Traffic", IF(P241>=0.4, "Medium Traffic", "Low Traffic")) -> Medium Traffic
A242: Southern | B242: Tamil Nadu | C242: Ooty | D242: Ooty Lake | E242: Lake | F242: 1824 | G242: 1 | H242: 4.1 | I242: =IF(Table13[[#This Row],[Reiew_Rating]]>=4.5,"Excellent", IF(Table13[[#This Row],[Reiew_Rating]]>=4,"Good","Average")) -> Good | J242: 10 | K242: =IF(Table13[[#This Row],[Entrance_Fee_INR]]=0,"Free","Paid") -> Paid | L242: Yes | M242: Tuesday | N242: Recreational | O242: Yes | P242: 0.61 | Q242: Morning | R242: =IF(Table13[[#This Row],[Number_Review_Lakhs]]>=1,"Highly Popular", IF(Table13[[#This Row],[Number_Review_Lakhs]]>=0.5,"Popular","Less Popular")) -> Popular | S242: =IF(Table13[[#This Row],[Visit_Time_Hrs]]<=2,"Short Visit", IF(Table13[[#This Row],[Visit_Time_Hrs]]<=5,"Medium Visit","Full Day")) -> Short Visit | T242: =IF(Table13[[#This Row],[Airport_50km_Radius]]="Yes","Accessible","Remote") -> Accessible | U242: =IF(Table13[[#This Row],[Reiew_Rating]]>=4.7,"Yes","No") -> No | V242: =IF(OR(N242="Historical",N242="Artistic",N242="Religious",N242="Architectural"), "Heritage & Culture", IF(OR(N242="Environmental",N242="Botanical",N242="Scenic",N242="Wildlife",N242="Nature"), "Nature & Wildlife", IF(OR(N242="Recreational",N242="Market",N242="Entertainment"), "Leisure & Commerce", IF(N242="Scientific", "Science & Education", "Other")))) -> Leisure & Commerce | W242: =REPT("★", ROUND(H242, 0)) & REPT("☆", 5 - ROUND(H242, 0)) -> ★★★★☆ | X242: =ROUND(H242, 0) & " / 5 Stars" -> 4 / 5 Stars | Y242: =IF(P242>=1.5, "High Traffic", IF(P242>=0.4, "Medium Traffic", "Low Traffic")) -> Medium Traffic
A243: Southern | B243: Tamil Nadu | C243: Coimbatore | D243: Marudamalai Temple | E243: Temple | F243: 12th century | G243: 1 | H243: 4.7 | I243: =IF(Table13[[#This Row],[Reiew_Rating]]>=4.5,"Excellent", IF(Table13[[#This Row],[Reiew_Rating]]>=4,"Good","Average")) -> Excellent | J243: 0 | K243: =IF(Table13[[#This Row],[Entrance_Fee_INR]]=0,"Free","Paid") -> Free | L243: Yes | M243: Thursday | N243: Religious | O243: No | P243: 0.3 | Q243: All | R243: =IF(Table13[[#This Row],[Number_Review_Lakhs]]>=1,"Highly Popular", IF(Table13[[#This Row],[Number_Review_Lakhs]]>=0.5,"Popular","Less Popular")) -> Less Popular | S243: =IF(Table13[[#This Row],[Visit_Time_Hrs]]<=2,"Short Visit", IF(Table13[[#This Row],[Visit_Time_Hrs]]<=5,"Medium Visit","Full Day")) -> Short Visit | T243: =IF(Table13[[#This Row],[Airport_50km_Radius]]="Yes","Accessible","Remote") -> Accessible | U243: =IF(Table13[[#This Row],[Reiew_Rating]]>=4.7,"Yes","No") -> Yes | V243: =IF(OR(N243="Historical",N243="Artistic",N243="Religious",N243="Architectural"), "Heritage & Culture", IF(OR(N243="Environmental",N243="Botanical",N243="Scenic",N243="Wildlife",N243="Nature"), "Nature & Wildlife", IF(OR(N243="Recreational",N243="Market",N243="Entertainment"), "Leisure & Commerce", IF(N243="Scientific", "Science & Education", "Other")))) -> Heritage & Culture | W243: =REPT("★", ROUND(H243, 0)) & REPT("☆", 5 - ROUND(H243, 0)) -> ★★★★★ | X243: =ROUND(H243, 0) & " / 5 Stars" -> 5 / 5 Stars | Y243: =IF(P243>=1.5, "High Traffic", IF(P243>=0.4, "Medium Traffic", "Low Traffic")) -> Low Traffic
A244: Southern | B244: Tamil Nadu | C244: Kodaikanal | D244: Kodaikanal Lake | E244: Lake | F244: 1863 | G244: 2 | H244: 3.9 | I244: =IF(Table13[[#This Row],[Reiew_Rating]]>=4.5,"Excellent", IF(Table13[[#This Row],[Reiew_Rating]]>=4,"Good","Average")) -> Average | J244: 0 | K244: =IF(Table13[[#This Row],[Entrance_Fee_INR]]=0,"Free","Paid") -> Free | L244: No | M244: Friday | N244: Recreational | O244: Yes | P244: 0.1 | Q244: Morning | R244: =IF(Table13[[#This Row],[Number_Review_Lakhs]]>=1,"Highly Popular", IF(Table13[[#This Row],[Number_Review_Lakhs]]>=0.5,"Popular","Less Popular")) -> Less Popular | S244: =IF(Table13[[#This Row],[Visit_Time_Hrs]]<=2,"Short Visit", IF(Table13[[#This Row],[Visit_Time_Hrs]]<=5,"Medium Visit","Full Day")) -> Short Visit | T244: =IF(Table13[[#This Row],[Airport_50km_Radius]]="Yes","Accessible","Remote") -> Remote | U244: =IF(Table13[[#This Row],[Reiew_Rating]]>=4.7,"Yes","No") -> No | V244: =IF(OR(N244="Historical",N244="Artistic",N244="Religious",N244="Architectural"), "Heritage & Culture", IF(OR(N244="Environmental",N244="Botanical",N244="Scenic",N244="Wildlife",N244="Nature"), "Nature & Wildlife", IF(OR(N244="Recreational",N244="Market",N244="Entertainment"), "Leisure & Commerce", IF(N244="Scientific", "Science & Education", "Other")))) -> Leisure & Commerce | W244: =REPT("★", ROUND(H244, 0)) & REPT("☆", 5 - ROUND(H244, 0)) -> ★★★★☆ | X244: =ROUND(H244, 0) & " / 5 Stars" -> 4 / 5 Stars | Y244: =IF(P244>=1.5, "High Traffic", IF(P244>=0.4, "Medium Traffic", "Low Traffic")) -> Low Traffic
A245: Southern | B245: Tamil Nadu | C245: Thanjavur | D245: Brihadeeswarar Temple | E245: Temple | F245: 110 | G245: 1.5 | H245: 4.8 | I245: =IF(Table13[[#This Row],[Reiew_Rating]]>=4.5,"Excellent", IF(Table13[[#This Row],[Reiew_Rating]]>=4,"Good","Average")) -> Excellent | J245: 0 | K245: =IF(Table13[[#This Row],[Entrance_Fee_INR]]=0,"Free","Paid") -> Free | L245: Yes | M245: Friday | N245: Religious | O245: No | P245: 0.35 | Q245: All | R245: =IF(Table13[[#This Row],[Number_Review_Lakhs]]>=1,"Highly Popular", IF(Table13[[#This Row],[Number_Review_Lakhs]]>=0.5,"Popular","Less Popular")) -> Less Popular | S245: =IF(Table13[[#This Row],[Visit_Time_Hrs]]<=2,"Short Visit", IF(Table13[[#This Row],[Visit_Time_Hrs]]<=5,"Medium Visit","Full Day")) -> Short Visit | T245: =IF(Table13[[#This Row],[Airport_50km_Radius]]="Yes","Accessible","Remote") -> Accessible | U245: =IF(Table13[[#This Row],[Reiew_Rating]]>=4.7,"Yes","No") -> Yes | V245: =IF(OR(N245="Historical",N245="Artistic",N245="Religious",N245="Architectural"), "Heritage & Culture", IF(OR(N245="Environmental",N245="Botanical",N245="Scenic",N245="Wildlife",N245="Nature"), "Nature & Wildlife", IF(OR(N245="Recreational",N245="Market",N245="Entertainment"), "Leisure & Commerce", IF(N245="Scientific", "Science & Education", "Other")))) -> Heritage & Culture | W245: =REPT("★", ROUND(H245, 0)) & REPT("☆", 5 - ROUND(H245, 0)) -> ★★★★★ | X245: =ROUND(H245, 0) & " / 5 Stars" -> 5 / 5 Stars | Y245: =IF(P245>=1.5, "High Traffic", IF(P245>=0.4, "Medium Traffic", "Low Traffic")) -> Low Traffic
A246: Southern | B246: Tamil Nadu | C246: Mahabalipuram | D246: Shore Temple | E246: Temple | F246: 7th century | G246: 1 | H246: 4.6 | I246: =IF(Table13[[#This Row],[Reiew_Rating]]>=4.5,"Excellent", IF(Table13[[#This Row],[Reiew_Rating]]>=4,"Good","Average")) -> Excellent | J246: 40 | K246: =IF(Table13[[#This Row],[Entrance_Fee_INR]]=0,"Free","Paid") -> Paid | L246: Yes | M246: Tuesday | N246: Historical | O246: No | P246: 0.09 | Q246: All | R246: =IF(Table13[[#This Row],[Number_Review_Lakhs]]>=1,"Highly Popular", IF(Table13[[#This Row],[Number_Review_Lakhs]]>=0.5,"Popular","Less Popular")) -> Less Popular | S246: =IF(Table13[[#This Row],[Visit_Time_Hrs]]<=2,"Short Visit", IF(Table13[[#This Row],[Visit_Time_Hrs]]<=5,"Medium Visit","Full Day")) -> Short Visit | T246: =IF(Table13[[#This Row],[Airport_50km_Radius]]="Yes","Accessible","Remote") -> Accessible | U246: =IF(Table13[[#This Row],[Reiew_Rating]]>=4.7,"Yes","No") -> No | V246: =IF(OR(N246="Historical",N246="Artistic",N246="Religious",N246="Architectural"), "Heritage & Culture", IF(OR(N246="Environmental",N246="Botanical",N246="Scenic",N246="Wildlife",N246="Nature"), "Nature & Wildlife", IF(OR(N246="Recreational",N246="Market",N246="Entertainment"), "Leisure & Commerce", IF(N246="Scientific", "Science & Education", "Other")))) -> Heritage & Culture | W246: =REPT("★", ROUND(H246, 0)) & REPT("☆", 5 - ROUND(H246, 0)) -> ★★★★★ | X246: =ROUND(H246, 0) & " / 5 Stars" -> 5 / 5 Stars | Y246: =IF(P246>=1.5, "High Traffic", IF(P246>=0.4, "Medium Traffic", "Low Traffic")) -> Low Traffic
A247: Southern | B247: Tamil Nadu | C247: Yercaud | D247: Yercaud Lake | E247: Lake | F247: 1465 | G247: 1 | H247: 4.2 | I247: =IF(Table13[[#This Row],[Reiew_Rating]]>=4.5,"Excellent", IF(Table13[[#This Row],[Reiew_Rating]]>=4,"Good","Average")) -> Good | J247: 0 | K247: =IF(Table13[[#This Row],[Entrance_Fee_INR]]=0,"Free","Paid") -> Free | L247: No | M247: Tuesday | N247: Recreational | O247: Yes | P247: 0.019 | Q247: Morning | R247: =IF(Table13[[#This Row],[Number_Review_Lakhs]]>=1,"Highly Popular", IF(Table13[[#This Row],[Number_Review_Lakhs]]>=0.5,"Popular","Less Popular")) -> Less Popular | S247: =IF(Table13[[#This Row],[Visit_Time_Hrs]]<=2,"Short Visit", IF(Table13[[#This Row],[Visit_Time_Hrs]]<=5,"Medium Visit","Full Day")) -> Short Visit | T247: =IF(Table13[[#This Row],[Airport_50km_Radius]]="Yes","Accessible","Remote") -> Remote | U247: =IF(Table13[[#This Row],[Reiew_Rating]]>=4.7,"Yes","No") -> No | V247: =IF(OR(N247="Historical",N247="Artistic",N247="Religious",N247="Architectural"), "Heritage & Culture", IF(OR(N247="Environmental",N247="Botanical",N247="Scenic",N247="Wildlife",N247="Nature"), "Nature & Wildlife", IF(OR(N247="Recreational",N247="Market",N247="Entertainment"), "Leisure & Commerce", IF(N247="Scientific", "Science & Education", "Other")))) -> Leisure & Commerce | W247: =REPT("★", ROUND(H247, 0)) & REPT("☆", 5 - ROUND(H247, 0)) -> ★★★★☆ | X247: =ROUND(H247, 0) & " / 5 Stars" -> 4 / 5 Stars | Y247: =IF(P247>=1.5, "High Traffic", IF(P247>=0.4, "Medium Traffic", "Low Traffic")) -> Low Traffic
A248: Southern | B248: Tamil Nadu | C248: Tirunelveli | D248: Nellaiappar Temple | E248: Temple | F248: 7th century | G248: 1 | H248: 4.6 | I248: =IF(Table13[[#This Row],[Reiew_Rating]]>=4.5,"Excellent", IF(Table13[[#This Row],[Reiew_Rating]]>=4,"Good","Average")) -> Excellent | J248: 0 | K248: =IF(Table13[[#This Row],[Entrance_Fee_INR]]=0,"Free","Paid") -> Free | L248: Yes | M248: Monday | N248: Religious | O248: No | P248: 0.16 | Q248: All | R248: =IF(Table13[[#This Row],[Number_Review_Lakhs]]>=1,"Highly Popular", IF(Table13[[#This Row],[Number_Review_Lakhs]]>=0.5,"Popular","Less Popular")) -> Less Popular | S248: =IF(Table13[[#This Row],[Visit_Time_Hrs]]<=2,"Short Visit", IF(Table13[[#This Row],[Visit_Time_Hrs]]<=5,"Medium Visit","Full Day")) -> Short Visit | T248: =IF(Table13[[#This Row],[Airport_50km_Radius]]="Yes","Accessible","Remote") -> Accessible | U248: =IF(Table13[[#This Row],[Reiew_Rating]]>=4.7,"Yes","No") -> No | V248: =IF(OR(N248="Historical",N248="Artistic",N248="Religious",N248="Architectural"), "Heritage & Culture", IF(OR(N248="Environmental",N248="Botanical",N248="Scenic",N248="Wildlife",N248="Nature"), "Nature & Wildlife", IF(OR(N248="Recreational",N248="Market",N248="Entertainment"), "Leisure & Commerce", IF(N248="Scientific", "Science & Education", "Other")))) -> Heritage & Culture | W248: =REPT("★", ROUND(H248, 0)) & REPT("☆", 5 - ROUND(H248, 0)) -> ★★★★★ | X248: =ROUND(H248, 0) & " / 5 Stars" -> 5 / 5 Stars | Y248: =IF(P248>=1.5, "High Traffic", IF(P248>=0.4, "Medium Traffic", "Low Traffic")) -> Low Traffic
A249: Southern | B249: Tamil Nadu | C249: Chidambaram | D249: Nataraja Temple | E249: Temple | F249: 10th century | G249: 1 | H249: 4.7 | I249: =IF(Table13[[#This Row],[Reiew_Rating]]>=4.5,"Excellent", IF(Table13[[#This Row],[Reiew_Rating]]>=4,"Good","Average")) -> Excellent | J249: 0 | K249: =IF(Table13[[#This Row],[Entrance_Fee_INR]]=0,"Free","Paid") -> Free | L249: Yes | M249: Friday | N249: Religious | O249: No | P249: 0.28 | Q249: All | R249: =IF(Table13[[#This Row],[Number_Review_Lakhs]]>=1,"Highly Popular", IF(Table13[[#This Row],[Number_Review_Lakhs]]>=0.5,"Popular","Less Popular")) -> Less Popular | S249: =IF(Table13[[#This Row],[Visit_Time_Hrs]]<=2,"Short Visit", IF(Table13[[#This Row],[Visit_Time_Hrs]]<=5,"Medium Visit","Full Day")) -> Short Visit | T249: =IF(Table13[[#This Row],[Airport_50km_Radius]]="Yes","Accessible","Remote") -> Accessible | U249: =IF(Table13[[#This Row],[Reiew_Rating]]>=4.7,"Yes","No") -> Yes | V249: =IF(OR(N249="Historical",N249="Artistic",N249="Religious",N249="Architectural"), "Heritage & Culture", IF(OR(N249="Environmental",N249="Botanical",N249="Scenic",N249="Wildlife",N249="Nature"), "Nature & Wildlife", IF(OR(N249="Recreational",N249="Market",N249="Entertainment"), "Leisure & Commerce", IF(N249="Scientific", "Science & Education", "Other")))) -> Heritage & Culture | W249: =REPT("★", ROUND(H249, 0)) & REPT("☆", 5 - ROUND(H249, 0)) -> ★★★★★ | X249: =ROUND(H249, 0) & " / 5 Stars" -> 5 / 5 Stars | Y249: =IF(P249>=1.5, "High Traffic", IF(P249>=0.4, "Medium Traffic", "Low Traffic")) -> Low Traffic
A250: Southern | B250: Andhra Pradesh | C250: Vijayawada | D250: Kanaka Durga Temple | E250: Temple | F250: 1544 | G250: 1 | H250: 4.7 | I250: =IF(Table13[[#This Row],[Reiew_Rating]]>=4.5,"Excellent", IF(Table13[[#This Row],[Reiew_Rating]]>=4,"Good","Average")) -> Excellent | J250: 0 | K250: =IF(Table13[[#This Row],[Entrance_Fee_INR]]=0,"Free","Paid") -> Free | L250: Yes | M250: Saturday | N250: Religious | O250: No | P250: 0.44 | Q250: All | R250: =IF(Table13[[#This Row],[Number_Review_Lakhs]]>=1,"Highly Popular", IF(Table13[[#This Row],[Number_Review_Lakhs]]>=0.5,"Popular","Less Popular")) -> Less Popular | S250: =IF(Table13[[#This Row],[Visit_Time_Hrs]]<=2,"Short Visit", IF(Table13[[#This Row],[Visit_Time_Hrs]]<=5,"Medium Visit","Full Day")) -> Short Visit | T250: =IF(Table13[[#This Row],[Airport_50km_Radius]]="Yes","Accessible","Remote") -> Accessible | U250: =IF(Table13[[#This Row],[Reiew_Rating]]>=4.7,"Yes","No") -> Yes | V250: =IF(OR(N250="Historical",N250="Artistic",N250="Religious",N250="Architectural"), "Heritage & Culture", IF(OR(N250="Environmental",N250="Botanical",N250="Scenic",N250="Wildlife",N250="Nature"), "Nature & Wildlife", IF(OR(N250="Recreational",N250="Market",N250="Entertainment"), "Leisure & Commerce", IF(N250="Scientific", "Science & Education", "Other")))) -> Heritage & Culture | W250: =REPT("★", ROUND(H250, 0)) & REPT("☆", 5 - ROUND(H250, 0)) -> ★★★★★ | X250: =ROUND(H250, 0) & " / 5 Stars" -> 5 / 5 Stars | Y250: =IF(P250>=1.5, "High Traffic", IF(P250>=0.4, "Medium Traffic", "Low Traffic")) -> Medium Traffic
A251: Southern | B251: Andhra Pradesh | C251: Visakhapatnam | D251: Rishikonda Beach | E251: Beach | F251: 1746 | G251: 1.5 | H251: 4.5 | I251: =IF(Table13[[#This Row],[Reiew_Rating]]>=4.5,"Excellent", IF(Table13[[#This Row],[Reiew_Rating]]>=4,"Good","Average")) -> Excellent | J251: 0 | K251: =IF(Table13[[#This Row],[Entrance_Fee_INR]]=0,"Free","Paid") -> Free | L251: Yes | M251: Tuesday | N251: Recreational | O251: Yes | P251: 0.39 | Q251: Morning | R251: =IF(Table13[[#This Row],[Number_Review_Lakhs]]>=1,"Highly Popular", IF(Table13[[#This Row],[Number_Review_Lakhs]]>=0.5,"Popular","Less Popular")) -> Less Popular | S251: =IF(Table13[[#This Row],[Visit_Time_Hrs]]<=2,"Short Visit", IF(Table13[[#This Row],[Visit_Time_Hrs]]<=5,"Medium Visit","Full Day")) -> Short Visit | T251: =IF(Table13[[#This Row],[Airport_50km_Radius]]="Yes","Accessible","Remote") -> Accessible | U251: =IF(Table13[[#This Row],[Reiew_Rating]]>=4.7,"Yes","No") -> No | V251: =IF(OR(N251="Historical",N251="Artistic",N251="Religious",N251="Architectural"), "Heritage & Culture", IF(OR(N251="Environmental",N251="Botanical",N251="Scenic",N251="Wildlife",N251="Nature"), "Nature & Wildlife", IF(OR(N251="Recreational",N251="Market",N251="Entertainment"), "Leisure & Commerce", IF(N251="Scientific", "Science & Education", "Other")))) -> Leisure & Commerce | W251: =REPT("★", ROUND(H251, 0)) & REPT("☆", 5 - ROUND(H251, 0)) -> ★★★★★ | X251: =ROUND(H251, 0) & " / 5 Stars" -> 5 / 5 Stars | Y251: =IF(P251>=1.5, "High Traffic", IF(P251>=0.4, "Medium Traffic", "Low Traffic")) -> Low Traffic
A252: Southern | B252: Andhra Pradesh | C252: Srisailam | D252: Mallikarjuna Swamy Temple | E252: Temple | F252: 14th century | G252: 1 | H252: 4.7 | I252: =IF(Table13[[#This Row],[Reiew_Rating]]>=4.5,"Excellent", IF(Table13[[#This Row],[Reiew_Rating]]>=4,"Good","Average")) -> Excellent | J252: 0 | K252: =IF(Table13[[#This Row],[Entrance_Fee_INR]]=0,"Free","Paid") -> Free | L252: No | M252: Thursday | N252: Religious | O252: No | P252: 0.49 | Q252: All | R252: =IF(Table13[[#This Row],[Number_Review_Lakhs]]>=1,"Highly Popular", IF(Table13[[#This Row],[Number_Review_Lakhs]]>=0.5,"Popular","Less Popular")) -> Less Popular | S252: =IF(Table13[[#This Row],[Visit_Time_Hrs]]<=2,"Short Visit", IF(Table13[[#This Row],[Visit_Time_Hrs]]<=5,"Medium Visit","Full Day")) -> Short Visit | T252: =IF(Table13[[#This Row],[Airport_50km_Radius]]="Yes","Accessible","Remote") -> Remote | U252: =IF(Table13[[#This Row],[Reiew_Rating]]>=4.7,"Yes","No") -> Yes | V252: =IF(OR(N252="Historical",N252="Artistic",N252="Religious",N252="Architectural"), "Heritage & Culture", IF(OR(N252="Environmental",N252="Botanical",N252="Scenic",N252="Wildlife",N252="Nature"), "Nature & Wildlife", IF(OR(N252="Recreational",N252="Market",N252="Entertainment"), "Leisure & Commerce", IF(N252="Scientific", "Science & Education", "Other")))) -> Heritage & Culture | W252: =REPT("★", ROUND(H252, 0)) & REPT("☆", 5 - ROUND(H252, 0)) -> ★★★★★ | X252: =ROUND(H252, 0) & " / 5 Stars" -> 5 / 5 Stars | Y252: =IF(P252>=1.5, "High Traffic", IF(P252>=0.4, "Medium Traffic", "Low Traffic")) -> Medium Traffic
A253: Southern | B253: Andhra Pradesh | C253: Rajahmundry | D253: Papikondalu | E253: Hill | F253: 1849 | G253: 2 | H253: 4.3 | I253: =IF(Table13[[#This Row],[Reiew_Rating]]>=4.5,"Excellent", IF(Table13[[#This Row],[Reiew_Rating]]>=4,"Good","Average")) -> Good | J253: 0 | K253: =IF(Table13[[#This Row],[Entrance_Fee_INR]]=0,"Free","Paid") -> Free | L253: Yes | M253: Sunday | N253: Nature | O253: Yes | P253: 0.032 | Q253: All | R253: =IF(Table13[[#This Row],[Number_Review_Lakhs]]>=1,"Highly Popular", IF(Table13[[#This Row],[Number_Review_Lakhs]]>=0.5,"Popular","Less Popular")) -> Less Popular | S253: =IF(Table13[[#This Row],[Visit_Time_Hrs]]<=2,"Short Visit", IF(Table13[[#This Row],[Visit_Time_Hrs]]<=5,"Medium Visit","Full Day")) -> Short Visit | T253: =IF(Table13[[#This Row],[Airport_50km_Radius]]="Yes","Accessible","Remote") -> Accessible | U253: =IF(Table13[[#This Row],[Reiew_Rating]]>=4.7,"Yes","No") -> No | V253: =IF(OR(N253="Historical",N253="Artistic",N253="Religious",N253="Architectural"), "Heritage & Culture", IF(OR(N253="Environmental",N253="Botanical",N253="Scenic",N253="Wildlife",N253="Nature"), "Nature & Wildlife", IF(OR(N253="Recreational",N253="Market",N253="Entertainment"), "Leisure & Commerce", IF(N253="Scientific", "Science & Education", "Other")))) -> Nature & Wildlife | W253: =REPT("★", ROUND(H253, 0)) & REPT("☆", 5 - ROUND(H253, 0)) -> ★★★★☆ | X253: =ROUND(H253, 0) & " / 5 Stars" -> 4 / 5 Stars | Y253: =IF(P253>=1.5, "High Traffic", IF(P253>=0.4, "Medium Traffic", "Low Traffic")) -> Low Traffic
A254: Southern | B254: Andhra Pradesh | C254: Anantapur | D254: Lepakshi | E254: Site | F254: 16th century | G254: 1.5 | H254: 4.6 | I254: =IF(Table13[[#This Row],[Reiew_Rating]]>=4.5,"Excellent", IF(Table13[[#This Row],[Reiew_Rating]]>=4,"Good","Average")) -> Excellent | J254: 0 | K254: =IF(Table13[[#This Row],[Entrance_Fee_INR]]=0,"Free","Paid") -> Free | L254: No | M254: Monday | N254: Historical | O254: Yes | P254: 0.075 | Q254: All | R254: =IF(Table13[[#This Row],[Number_Review_Lakhs]]>=1,"Highly Popular", IF(Table13[[#This Row],[Number_Review_Lakhs]]>=0.5,"Popular","Less Popular")) -> Less Popular | S254: =IF(Table13[[#This Row],[Visit_Time_Hrs]]<=2,"Short Visit", IF(Table13[[#This Row],[Visit_Time_Hrs]]<=5,"Medium Visit","Full Day")) -> Short Visit | T254: =IF(Table13[[#This Row],[Airport_50km_Radius]]="Yes","Accessible","Remote") -> Remote | U254: =IF(Table13[[#This Row],[Reiew_Rating]]>=4.7,"Yes","No") -> No | V254: =IF(OR(N254="Historical",N254="Artistic",N254="Religious",N254="Architectural"), "Heritage & Culture", IF(OR(N254="Environmental",N254="Botanical",N254="Scenic",N254="Wildlife",N254="Nature"), "Nature & Wildlife", IF(OR(N254="Recreational",N254="Market",N254="Entertainment"), "Leisure & Commerce", IF(N254="Scientific", "Science & Education", "Other")))) -> Heritage & Culture | W254: =REPT("★", ROUND(H254, 0)) & REPT("☆", 5 - ROUND(H254, 0)) -> ★★★★★ | X254: =ROUND(H254, 0) & " / 5 Stars" -> 5 / 5 Stars | Y254: =IF(P254>=1.5, "High Traffic", IF(P254>=0.4, "Medium Traffic", "Low Traffic")) -> Low Traffic
A255: Southern | B255: Andhra Pradesh | C255: Kurnool | D255: Belum Caves | E255: Cave | F255: 1989 | G255: 1.5 | H255: 4.4 | I255: =IF(Table13[[#This Row],[Reiew_Rating]]>=4.5,"Excellent", IF(Table13[[#This Row],[Reiew_Rating]]>=4,"Good","Average")) -> Good | J255: 65 | K255: =IF(Table13[[#This Row],[Entrance_Fee_INR]]=0,"Free","Paid") -> Paid | L255: Yes | M255: Sunday | N255: Natural Wonder | O255: Yes | P255: 0.11 | Q255: Afternoon | R255: =IF(Table13[[#This Row],[Number_Review_Lakhs]]>=1,"Highly Popular", IF(Table13[[#This Row],[Number_Review_Lakhs]]>=0.5,"Popular","Less Popular")) -> Less Popular | S255: =IF(Table13[[#This Row],[Visit_Time_Hrs]]<=2,"Short Visit", IF(Table13[[#This Row],[Visit_Time_Hrs]]<=5,"Medium Visit","Full Day")) -> Short Visit | T255: =IF(Table13[[#This Row],[Airport_50km_Radius]]="Yes","Accessible","Remote") -> Accessible | U255: =IF(Table13[[#This Row],[Reiew_Rating]]>=4.7,"Yes","No") -> No | V255: =IF(OR(N255="Historical",N255="Artistic",N255="Religious",N255="Architectural"), "Heritage & Culture", IF(OR(N255="Environmental",N255="Botanical",N255="Scenic",N255="Wildlife",N255="Nature"), "Nature & Wildlife", IF(OR(N255="Recreational",N255="Market",N255="Entertainment"), "Leisure & Commerce", IF(N255="Scientific", "Science & Education", "Other")))) -> Other | W255: =REPT("★", ROUND(H255, 0)) & REPT("☆", 5 - ROUND(H255, 0)) -> ★★★★☆ | X255: =ROUND(H255, 0) & " / 5 Stars" -> 4 / 5 Stars | Y255: =IF(P255>=1.5, "High Traffic", IF(P255>=0.4, "Medium Traffic", "Low Traffic")) -> Low Traffic
A256: Southern | B256: Andhra Pradesh | C256: Amravati | D256: Amaravathi Temple | E256: Temple | F256: 1571 | G256: 1 | H256: 4.7 | I256: =IF(Table13[[#This Row],[Reiew_Rating]]>=4.5,"Excellent", IF(Table13[[#This Row],[Reiew_Rating]]>=4,"Good","Average")) -> Excellent | J256: 0 | K256: =IF(Table13[[#This Row],[Entrance_Fee_INR]]=0,"Free","Paid") -> Free | L256: Yes | M256: Wednesday | N256: Religious | O256: No | P256: 0.041 | Q256: All | R256: =IF(Table13[[#This Row],[Number_Review_Lakhs]]>=1,"Highly Popular", IF(Table13[[#This Row],[Number_Review_Lakhs]]>=0.5,"Popular","Less Popular")) -> Less Popular | S256: =IF(Table13[[#This Row],[Visit_Time_Hrs]]<=2,"Short Visit", IF(Table13[[#This Row],[Visit_Time_Hrs]]<=5,"Medium Visit","Full Day")) -> Short Visit | T256: =IF(Table13[[#This Row],[Airport_50km_Radius]]="Yes","Accessible","Remote") -> Accessible | U256: =IF(Table13[[#This Row],[Reiew_Rating]]>=4.7,"Yes","No") -> Yes | V256: =IF(OR(N256="Historical",N256="Artistic",N256="Religious",N256="Architectural"), "Heritage & Culture", IF(OR(N256="Environmental",N256="Botanical",N256="Scenic",N256="Wildlife",N256="Nature"), "Nature & Wildlife", IF(OR(N256="Recreational",N256="Market",N256="Entertainment"), "Leisure & Commerce", IF(N256="Scientific", "Science & Education", "Other")))) -> Heritage & Culture | W256: =REPT("★", ROUND(H256, 0)) & REPT("☆", 5 - ROUND(H256, 0)) -> ★★★★★ | X256: =ROUND(H256, 0) & " / 5 Stars" -> 5 / 5 Stars | Y256: =IF(P256>=1.5, "High Traffic", IF(P256>=0.4, "Medium Traffic", "Low Traffic")) -> Low Traffic
A257: Southern | B257: Andhra Pradesh | C257: Guntur | D257: Uppalapadu Bird Sanctuary | E257: Bird Sanctuary | F257: 1469 | G257: 1 | H257: 4.4 | I257: =IF(Table13[[#This Row],[Reiew_Rating]]>=4.5,"Excellent", IF(Table13[[#This Row],[Reiew_Rating]]>=4,"Good","Average")) -> Good | J257: 10 | K257: =IF(Table13[[#This Row],[Entrance_Fee_INR]]=0,"Free","Paid") -> Paid | L257: Yes | M257: Friday | N257: Wildlife | O257: Yes | P257: 0.7 | Q257: All | R257: =IF(Table13[[#This Row],[Number_Review_Lakhs]]>=1,"Highly Popular", IF(Table13[[#This Row],[Number_Review_Lakhs]]>=0.5,"Popular","Less Popular")) -> Popular | S257: =IF(Table13[[#This Row],[Visit_Time_Hrs]]<=2,"Short Visit", IF(Table13[[#This Row],[Visit_Time_Hrs]]<=5,"Medium Visit","Full Day")) -> Short Visit | T257: =IF(Table13[[#This Row],[Airport_50km_Radius]]="Yes","Accessible","Remote") -> Accessible | U257: =IF(Table13[[#This Row],[Reiew_Rating]]>=4.7,"Yes","No") -> No | V257: =IF(OR(N257="Historical",N257="Artistic",N257="Religious",N257="Architectural"), "Heritage & Culture", IF(OR(N257="Environmental",N257="Botanical",N257="Scenic",N257="Wildlife",N257="Nature"), "Nature & Wildlife", IF(OR(N257="Recreational",N257="Market",N257="Entertainment"), "Leisure & Commerce", IF(N257="Scientific", "Science & Education", "Other")))) -> Nature & Wildlife | W257: =REPT("★", ROUND(H257, 0)) & REPT("☆", 5 - ROUND(H257, 0)) -> ★★★★☆ | X257: =ROUND(H257, 0) & " / 5 Stars" -> 4 / 5 Stars | Y257: =IF(P257>=1.5, "High Traffic", IF(P257>=0.4, "Medium Traffic", "Low Traffic")) -> Medium Traffic
A258: Southern | B258: Andhra Pradesh | C258: Kadapa | D258: Gandikota Fort | E258: Fort | F258: 12th century | G258: 1.5 | H258: 4.5 | I258: =IF(Table13[[#This Row],[Reiew_Rating]]>=4.5,"Excellent", IF(Table13[[#This Row],[Reiew_Rating]]>=4,"Good","Average")) -> Excellent | J258: 0 | K258: =IF(Table13[[#This Row],[Entrance_Fee_INR]]=0,"Free","Paid") -> Free | L258: No | M258: Wednesday | N258: Historical | O258: Yes | P258: 0.015 | Q258: Morning | R258: =IF(Table13[[#This Row],[Number_Review_Lakhs]]>=1,"Highly Popular", IF(Table13[[#This Row],[Number_Review_Lakhs]]>=0.5,"Popular","Less Popular")) -> Less Popular | S258: =IF(Table13[[#This Row],[Visit_Time_Hrs]]<=2,"Short Visit", IF(Table13[[#This Row],[Visit_Time_Hrs]]<=5,"Medium Visit","Full Day")) -> Short Visit | T258: =IF(Table13[[#This Row],[Airport_50km_Radius]]="Yes","Accessible","Remote") -> Remote | U258: =IF(Table13[[#This Row],[Reiew_Rating]]>=4.7,"Yes","No") -> No | V258: =IF(OR(N258="Historical",N258="Artistic",N258="Religious",N258="Architectural"), "Heritage & Culture", IF(OR(N258="Environmental",N258="Botanical",N258="Scenic",N258="Wildlife",N258="Nature"), "Nature & Wildlife", IF(OR(N258="Recreational",N258="Market",N258="Entertainment"), "Leisure & Commerce", IF(N258="Scientific", "Science & Education", "Other")))) -> Heritage & Culture | W258: =REPT("★", ROUND(H258, 0)) & REPT("☆", 5 - ROUND(H258, 0)) -> ★★★★★ | X258: =ROUND(H258, 0) & " / 5 Stars" -> 5 / 5 Stars | Y258: =IF(P258>=1.5, "High Traffic", IF(P258>=0.4, "Medium Traffic", "Low Traffic")) -> Low Traffic
A259: Southern | B259: Andhra Pradesh | C259: Puttaparthi | D259: Prasanthi Nilayam | E259: Spiritual Center | F259: 1950 | G259: 1 | H259: 4.7 | I259: =IF(Table13[[#This Row],[Reiew_Rating]]>=4.5,"Excellent", IF(Table13[[#This Row],[Reiew_Rating]]>=4,"Good","Average")) -> Excellent | J259: 0 | K259: =IF(Table13[[#This Row],[Entrance_Fee_INR]]=0,"Free","Paid") -> Free | L259: Yes | M259: Saturday | N259: Religious | O259: Yes | P259: 0.12 | Q259: All | R259: =IF(Table13[[#This Row],[Number_Review_Lakhs]]>=1,"Highly Popular", IF(Table13[[#This Row],[Number_Review_Lakhs]]>=0.5,"Popular","Less Popular")) -> Less Popular | S259: =IF(Table13[[#This Row],[Visit_Time_Hrs]]<=2,"Short Visit", IF(Table13[[#This Row],[Visit_Time_Hrs]]<=5,"Medium Visit","Full Day")) -> Short Visit | T259: =IF(Table13[[#This Row],[Airport_50km_Radius]]="Yes","Accessible","Remote") -> Accessible | U259: =IF(Table13[[#This Row],[Reiew_Rating]]>=4.7,"Yes","No") -> Yes | V259: =IF(OR(N259="Historical",N259="Artistic",N259="Religious",N259="Architectural"), "Heritage & Culture", IF(OR(N259="Environmental",N259="Botanical",N259="Scenic",N259="Wildlife",N259="Nature"), "Nature & Wildlife", IF(OR(N259="Recreational",N259="Market",N259="Entertainment"), "Leisure & Commerce", IF(N259="Scientific", "Science & Education", "Other")))) -> Heritage & Culture | W259: =REPT("★", ROUND(H259, 0)) & REPT("☆", 5 - ROUND(H259, 0)) -> ★★★★★ | X259: =ROUND(H259, 0) & " / 5 Stars" -> 5 / 5 Stars | Y259: =IF(P259>=1.5, "High Traffic", IF(P259>=0.4, "Medium Traffic", "Low Traffic")) -> Low Traffic
A260: Southern | B260: Andhra Pradesh | C260: Vizianagaram | D260: Simhachalam Temple | E260: Temple | F260: 198 | G260: 1 | H260: 4.7 | I260: =IF(Table13[[#This Row],[Reiew_Rating]]>=4.5,"Excellent", IF(Table13[[#This Row],[Reiew_Rating]]>=4,"Good","Average")) -> Excellent | J260: 0 | K260: =IF(Table13[[#This Row],[Entrance_Fee_INR]]=0,"Free","Paid") -> Free | L260: Yes | M260: Friday | N260: Religious | O260: No | P260: 0.59 | Q260: All | R260: =IF(Table13[[#This Row],[Number_Review_Lakhs]]>=1,"Highly Popular", IF(Table13[[#This Row],[Number_Review_Lakhs]]>=0.5,"Popular","Less Popular")) -> Popular | S260: =IF(Table13[[#This Row],[Visit_Time_Hrs]]<=2,"Short Visit", IF(Table13[[#This Row],[Visit_Time_Hrs]]<=5,"Medium Visit","Full Day")) -> Short Visit | T260: =IF(Table13[[#This Row],[Airport_50km_Radius]]="Yes","Accessible","Remote") -> Accessible | U260: =IF(Table13[[#This Row],[Reiew_Rating]]>=4.7,"Yes","No") -> Yes | V260: =IF(OR(N260="Historical",N260="Artistic",N260="Religious",N260="Architectural"), "Heritage & Culture", IF(OR(N260="Environmental",N260="Botanical",N260="Scenic",N260="Wildlife",N260="Nature"), "Nature & Wildlife", IF(OR(N260="Recreational",N260="Market",N260="Entertainment"), "Leisure & Commerce", IF(N260="Scientific", "Science & Education", "Other")))) -> Heritage & Culture | W260: =REPT("★", ROUND(H260, 0)) & REPT("☆", 5 - ROUND(H260, 0)) -> ★★★★★ | X260: =ROUND(H260, 0) & " / 5 Stars" -> 5 / 5 Stars | Y260: =IF(P260>=1.5, "High Traffic", IF(P260>=0.4, "Medium Traffic", "Low Traffic")) -> Medium Traffic
A261: Southern | B261: Andhra Pradesh | C261: Visakhapatnam | D261: Kailasagiri | E261: Hill | F261: 1937 | G261: 2 | H261: 4.5 | I261: =IF(Table13[[#This Row],[Reiew_Rating]]>=4.5,"Excellent", IF(Table13[[#This Row],[Reiew_Rating]]>=4,"Good","Average")) -> Excellent | J261: 0 | K261: =IF(Table13[[#This Row],[Entrance_Fee_INR]]=0,"Free","Paid") -> Free | L261: Yes | M261: Wednesday | N261: Recreational | O261: Yes | P261: 0.019 | Q261: All | R261: =IF(Table13[[#This Row],[Number_Review_Lakhs]]>=1,"Highly Popular", IF(Table13[[#This Row],[Number_Review_Lakhs]]>=0.5,"Popular","Less Popular")) -> Less Popular | S261: =IF(Table13[[#This Row],[Visit_Time_Hrs]]<=2,"Short Visit", IF(Table13[[#This Row],[Visit_Time_Hrs]]<=5,"Medium Visit","Full Day")) -> Short Visit | T261: =IF(Table13[[#This Row],[Airport_50km_Radius]]="Yes","Accessible","Remote") -> Accessible | U261: =IF(Table13[[#This Row],[Reiew_Rating]]>=4.7,"Yes","No") -> No | V261: =IF(OR(N261="Historical",N261="Artistic",N261="Religious",N261="Architectural"), "Heritage & Culture", IF(OR(N261="Environmental",N261="Botanical",N261="Scenic",N261="Wildlife",N261="Nature"), "Nature & Wildlife", IF(OR(N261="Recreational",N261="Market",N261="Entertainment"), "Leisure & Commerce", IF(N261="Scientific", "Science & Education", "Other")))) -> Leisure & Commerce | W261: =REPT("★", ROUND(H261, 0)) & REPT("☆", 5 - ROUND(H261, 0)) -> ★★★★★ | X261: =ROUND(H261, 0) & " / 5 Stars" -> 5 / 5 Stars | Y261: =IF(P261>=1.5, "High Traffic", IF(P261>=0.4, "Medium Traffic", "Low Traffic")) -> Low Traffic
A262: Southern | B262: Andhra Pradesh | C262: Visakhapatnam | D262: Submarine Museum | E262: Museum | F262: 22 | G262: 1 | H262: 4.6 | I262: =IF(Table13[[#This Row],[Reiew_Rating]]>=4.5,"Excellent", IF(Table13[[#This Row],[Reiew_Rating]]>=4,"Good","Average")) -> Excellent | J262: 40 | K262: =IF(Table13[[#This Row],[Entrance_Fee_INR]]=0,"Free","Paid") -> Paid | L262: Yes | M262: Friday | N262: Historical | O262: Yes | P262: 0.49 | Q262: All | R262: =IF(Table13[[#This Row],[Number_Review_Lakhs]]>=1,"Highly Popular", IF(Table13[[#This Row],[Number_Review_Lakhs]]>=0.5,"Popular","Less Popular")) -> Less Popular | S262: =IF(Table13[[#This Row],[Visit_Time_Hrs]]<=2,"Short Visit", IF(Table13[[#This Row],[Visit_Time_Hrs]]<=5,"Medium Visit","Full Day")) -> Short Visit | T262: =IF(Table13[[#This Row],[Airport_50km_Radius]]="Yes","Accessible","Remote") -> Accessible | U262: =IF(Table13[[#This Row],[Reiew_Rating]]>=4.7,"Yes","No") -> No | V262: =IF(OR(N262="Historical",N262="Artistic",N262="Religious",N262="Architectural"), "Heritage & Culture", IF(OR(N262="Environmental",N262="Botanical",N262="Scenic",N262="Wildlife",N262="Nature"), "Nature & Wildlife", IF(OR(N262="Recreational",N262="Market",N262="Entertainment"), "Leisure & Commerce", IF(N262="Scientific", "Science & Education", "Other")))) -> Heritage & Culture | W262: =REPT("★", ROUND(H262, 0)) & REPT("☆", 5 - ROUND(H262, 0)) -> ★★★★★ | X262: =ROUND(H262, 0) & " / 5 Stars" -> 5 / 5 Stars | Y262: =IF(P262>=1.5, "High Traffic", IF(P262>=0.4, "Medium Traffic", "Low Traffic")) -> Medium Traffic
A263: Southern | B263: Andhra Pradesh | C263: Visakhapatnam | D263: Borra Caves | E263: Cave | F263: 1545 | G263: 2 | H263: 4.5 | I263: =IF(Table13[[#This Row],[Reiew_Rating]]>=4.5,"Excellent", IF(Table13[[#This Row],[Reiew_Rating]]>=4,"Good","Average")) -> Excellent | J263: 60 | K263: =IF(Table13[[#This Row],[Entrance_Fee_INR]]=0,"Free","Paid") -> Paid | L263: No | M263: Sunday | N263: Natural Wonder | O263: Yes | P263: 0.31 | Q263: Afternoon | R263: =IF(Table13[[#This Row],[Number_Review_Lakhs]]>=1,"Highly Popular", IF(Table13[[#This Row],[Number_Review_Lakhs]]>=0.5,"Popular","Less Popular")) -> Less Popular | S263: =IF(Table13[[#This Row],[Visit_Time_Hrs]]<=2,"Short Visit", IF(Table13[[#This Row],[Visit_Time_Hrs]]<=5,"Medium Visit","Full Day")) -> Short Visit | T263: =IF(Table13[[#This Row],[Airport_50km_Radius]]="Yes","Accessible","Remote") -> Remote | U263: =IF(Table13[[#This Row],[Reiew_Rating]]>=4.7,"Yes","No") -> No | V263: =IF(OR(N263="Historical",N263="Artistic",N263="Religious",N263="Architectural"), "Heritage & Culture", IF(OR(N263="Environmental",N263="Botanical",N263="Scenic",N263="Wildlife",N263="Nature"), "Nature & Wildlife", IF(OR(N263="Recreational",N263="Market",N263="Entertainment"), "Leisure & Commerce", IF(N263="Scientific", "Science & Education", "Other")))) -> Other | W263: =REPT("★", ROUND(H263, 0)) & REPT("☆", 5 - ROUND(H263, 0)) -> ★★★★★ | X263: =ROUND(H263, 0) & " / 5 Stars" -> 5 / 5 Stars | Y263: =IF(P263>=1.5, "High Traffic", IF(P263>=0.4, "Medium Traffic", "Low Traffic")) -> Low Traffic
A264: Southern | B264: Andhra Pradesh | C264: Visakhapatnam | D264: War Memorial | E264: War Memorial | F264: 1992 | G264: 1 | H264: 4.6 | I264: =IF(Table13[[#This Row],[Reiew_Rating]]>=4.5,"Excellent", IF(Table13[[#This Row],[Reiew_Rating]]>=4,"Good","Average")) -> Excellent | J264: 0 | K264: =IF(Table13[[#This Row],[Entrance_Fee_INR]]=0,"Free","Paid") -> Free | L264: Yes | M264: Saturday | N264: Historical | O264: Yes | P264: 0.059 | Q264: All | R264: =IF(Table13[[#This Row],[Number_Review_Lakhs]]>=1,"Highly Popular", IF(Table13[[#This Row],[Number_Review_Lakhs]]>=0.5,"Popular","Less Popular")) -> Less Popular | S264: =IF(Table13[[#This Row],[Visit_Time_Hrs]]<=2,"Short Visit", IF(Table13[[#This Row],[Visit_Time_Hrs]]<=5,"Medium Visit","Full Day")) -> Short Visit | T264: =IF(Table13[[#This Row],[Airport_50km_Radius]]="Yes","Accessible","Remote") -> Accessible | U264: =IF(Table13[[#This Row],[Reiew_Rating]]>=4.7,"Yes","No") -> No | V264: =IF(OR(N264="Historical",N264="Artistic",N264="Religious",N264="Architectural"), "Heritage & Culture", IF(OR(N264="Environmental",N264="Botanical",N264="Scenic",N264="Wildlife",N264="Nature"), "Nature & Wildlife", IF(OR(N264="Recreational",N264="Market",N264="Entertainment"), "Leisure & Commerce", IF(N264="Scientific", "Science & Education", "Other")))) -> Heritage & Culture | W264: =REPT("★", ROUND(H264, 0)) & REPT("☆", 5 - ROUND(H264, 0)) -> ★★★★★ | X264: =ROUND(H264, 0) & " / 5 Stars" -> 5 / 5 Stars | Y264: =IF(P264>=1.5, "High Traffic", IF(P264>=0.4, "Medium Traffic", "Low Traffic")) -> Low Traffic
A265: Southern | B265: Andhra Pradesh | C265: Visakhapatnam | D265: Indira Gandhi Zoological Park | E265: Zoo | F265: 1977 | G265: 2 | H265: 4.1 | I265: =IF(Table13[[#This Row],[Reiew_Rating]]>=4.5,"Excellent", IF(Table13[[#This Row],[Reiew_Rating]]>=4,"Good","Average")) -> Good | J265: 20 | K265: =IF(Table13[[#This Row],[Entrance_Fee_INR]]=0,"Free","Paid") -> Paid | L265: Yes | M265: Monday | N265: Wildlife | O265: Yes | P265: 0.25 | Q265: Afternoon | R265: =IF(Table13[[#This Row],[Number_Review_Lakhs]]>=1,"Highly Popular", IF(Table13[[#This Row],[Number_Review_Lakhs]]>=0.5,"Popular","Less Popular")) -> Less Popular | S265: =IF(Table13[[#This Row],[Visit_Time_Hrs]]<=2,"Short Visit", IF(Table13[[#This Row],[Visit_Time_Hrs]]<=5,"Medium Visit","Full Day")) -> Short Visit | T265: =IF(Table13[[#This Row],[Airport_50km_Radius]]="Yes","Accessible","Remote") -> Accessible | U265: =IF(Table13[[#This Row],[Reiew_Rating]]>=4.7,"Yes","No") -> No | V265: =IF(OR(N265="Historical",N265="Artistic",N265="Religious",N265="Architectural"), "Heritage & Culture", IF(OR(N265="Environmental",N265="Botanical",N265="Scenic",N265="Wildlife",N265="Nature"), "Nature & Wildlife", IF(OR(N265="Recreational",N265="Market",N265="Entertainment"), "Leisure & Commerce", IF(N265="Scientific", "Science & Education", "Other")))) -> Nature & Wildlife | W265: =REPT("★", ROUND(H265, 0)) & REPT("☆", 5 - ROUND(H265, 0)) -> ★★★★☆ | X265: =ROUND(H265, 0) & " / 5 Stars" -> 4 / 5 Stars | Y265: =IF(P265>=1.5, "High Traffic", IF(P265>=0.4, "Medium Traffic", "Low Traffic")) -> Low Traffic
A266: Southern | B266: Andhra Pradesh | C266: Visakhapatnam | D266: Matsyadarshini Aquarium | E266: Aquarium | F266: 1643 | G266: 1 | H266: 3.8 | I266: =IF(Table13[[#This Row],[Reiew_Rating]]>=4.5,"Excellent", IF(Table13[[#This Row],[Reiew_Rating]]>=4,"Good","Average")) -> Average | J266: 20 | K266: =IF(Table13[[#This Row],[Entrance_Fee_INR]]=0,"Free","Paid") -> Paid | L266: Yes | M266: Saturday | N266: Recreational | O266: Yes | P266: 0.03 | Q266: All | R266: =IF(Table13[[#This Row],[Number_Review_Lakhs]]>=1,"Highly Popular", IF(Table13[[#This Row],[Number_Review_Lakhs]]>=0.5,"Popular","Less Popular")) -> Less Popular | S266: =IF(Table13[[#This Row],[Visit_Time_Hrs]]<=2,"Short Visit", IF(Table13[[#This Row],[Visit_Time_Hrs]]<=5,"Medium Visit","Full Day")) -> Short Visit | T266: =IF(Table13[[#This Row],[Airport_50km_Radius]]="Yes","Accessible","Remote") -> Accessible | U266: =IF(Table13[[#This Row],[Reiew_Rating]]>=4.7,"Yes","No") -> No | V266: =IF(OR(N266="Historical",N266="Artistic",N266="Religious",N266="Architectural"), "Heritage & Culture", IF(OR(N266="Environmental",N266="Botanical",N266="Scenic",N266="Wildlife",N266="Nature"), "Nature & Wildlife", IF(OR(N266="Recreational",N266="Market",N266="Entertainment"), "Leisure & Commerce", IF(N266="Scientific", "Science & Education", "Other")))) -> Leisure & Commerce | W266: =REPT("★", ROUND(H266, 0)) & REPT("☆", 5 - ROUND(H266, 0)) -> ★★★★☆ | X266: =ROUND(H266, 0) & " / 5 Stars" -> 4 / 5 Stars | Y266: =IF(P266>=1.5, "High Traffic", IF(P266>=0.4, "Medium Traffic", "Low Traffic")) -> Low Traffic
A267: Southern | B267: Andhra Pradesh | C267: Visakhapatnam | D267: Visakha Museum | E267: Museum | F267: 1991 | G267: 1 | H267: 4.3 | I267: =IF(Table13[[#This Row],[Reiew_Rating]]>=4.5,"Excellent", IF(Table13[[#This Row],[Reiew_Rating]]>=4,"Good","Average")) -> Good | J267: 10 | K267: =IF(Table13[[#This Row],[Entrance_Fee_INR]]=0,"Free","Paid") -> Paid | L267: Yes | M267: Thursday | N267: Cultural | O267: Yes | P267: 0.065 | Q267: All | R267: =IF(Table13[[#This Row],[Number_Review_Lakhs]]>=1,"Highly Popular", IF(Table13[[#This Row],[Number_Review_Lakhs]]>=0.5,"Popular","Less Popular")) -> Less Popular | S267: =IF(Table13[[#This Row],[Visit_Time_Hrs]]<=2,"Short Visit", IF(Table13[[#This Row],[Visit_Time_Hrs]]<=5,"Medium Visit","Full Day")) -> Short Visit | T267: =IF(Table13[[#This Row],[Airport_50km_Radius]]="Yes","Accessible","Remote") -> Accessible | U267: =IF(Table13[[#This Row],[Reiew_Rating]]>=4.7,"Yes","No") -> No | V267: =IF(OR(N267="Historical",N267="Artistic",N267="Religious",N267="Architectural"), "Heritage & Culture", IF(OR(N267="Environmental",N267="Botanical",N267="Scenic",N267="Wildlife",N267="Nature"), "Nature & Wildlife", IF(OR(N267="Recreational",N267="Market",N267="Entertainment"), "Leisure & Commerce", IF(N267="Scientific", "Science & Education", "Other")))) -> Other | W267: =REPT("★", ROUND(H267, 0)) & REPT("☆", 5 - ROUND(H267, 0)) -> ★★★★☆ | X267: =ROUND(H267, 0) & " / 5 Stars" -> 4 / 5 Stars | Y267: =IF(P267>=1.5, "High Traffic", IF(P267>=0.4, "Medium Traffic", "Low Traffic")) -> Low Traffic
A268: Eastern | B268: Sikkim | C268: Gangtok | D268: Nathula Pass | E268: Hill | F268: 1418 | G268: 2 | H268: 4.3 | I268: =IF(Table13[[#This Row],[Reiew_Rating]]>=4.5,"Excellent", IF(Table13[[#This Row],[Reiew_Rating]]>=4,"Good","Average")) -> Good | J268: 20 | K268: =IF(Table13[[#This Row],[Entrance_Fee_INR]]=0,"Free","Paid") -> Paid | L268: Yes | M268: Tuesday | N268: Historical | O268: Yes | P268: 0.15 | Q268: Afternoon | R268: =IF(Table13[[#This Row],[Number_Review_Lakhs]]>=1,"Highly Popular", IF(Table13[[#This Row],[Number_Review_Lakhs]]>=0.5,"Popular","Less Popular")) -> Less Popular | S268: =IF(Table13[[#This Row],[Visit_Time_Hrs]]<=2,"Short Visit", IF(Table13[[#This Row],[Visit_Time_Hrs]]<=5,"Medium Visit","Full Day")) -> Short Visit | T268: =IF(Table13[[#This Row],[Airport_50km_Radius]]="Yes","Accessible","Remote") -> Accessible | U268: =IF(Table13[[#This Row],[Reiew_Rating]]>=4.7,"Yes","No") -> No | V268: =IF(OR(N268="Historical",N268="Artistic",N268="Religious",N268="Architectural"), "Heritage & Culture", IF(OR(N268="Environmental",N268="Botanical",N268="Scenic",N268="Wildlife",N268="Nature"), "Nature & Wildlife", IF(OR(N268="Recreational",N268="Market",N268="Entertainment"), "Leisure & Commerce", IF(N268="Scientific", "Science & Education", "Other")))) -> Heritage & Culture | W268: =REPT("★", ROUND(H268, 0)) & REPT("☆", 5 - ROUND(H268, 0)) -> ★★★★☆ | X268: =ROUND(H268, 0) & " / 5 Stars" -> 4 / 5 Stars | Y268: =IF(P268>=1.5, "High Traffic", IF(P268>=0.4, "Medium Traffic", "Low Traffic")) -> Low Traffic
A269: Eastern | B269: Sikkim | C269: Pelling | D269: Pemayangtse Monastery | E269: Monastery | F269: 1705 | G269: 1 | H269: 4.6 | I269: =IF(Table13[[#This Row],[Reiew_Rating]]>=4.5,"Excellent", IF(Table13[[#This Row],[Reiew_Rating]]>=4,"Good","Average")) -> Excellent | J269: 20 | K269: =IF(Table13[[#This Row],[Entrance_Fee_INR]]=0,"Free","Paid") -> Paid | L269: No | M269: Monday | N269: Religious | O269: No | P269: 0.015 | Q269: Morning | R269: =IF(Table13[[#This Row],[Number_Review_Lakhs]]>=1,"Highly Popular", IF(Table13[[#This Row],[Number_Review_Lakhs]]>=0.5,"Popular","Less Popular")) -> Less Popular | S269: =IF(Table13[[#This Row],[Visit_Time_Hrs]]<=2,"Short Visit", IF(Table13[[#This Row],[Visit_Time_Hrs]]<=5,"Medium Visit","Full Day")) -> Short Visit | T269: =IF(Table13[[#This Row],[Airport_50km_Radius]]="Yes","Accessible","Remote") -> Remote | U269: =IF(Table13[[#This Row],[Reiew_Rating]]>=4.7,"Yes","No") -> No | V269: =IF(OR(N269="Historical",N269="Artistic",N269="Religious",N269="Architectural"), "Heritage & Culture", IF(OR(N269="Environmental",N269="Botanical",N269="Scenic",N269="Wildlife",N269="Nature"), "Nature & Wildlife", IF(OR(N269="Recreational",N269="Market",N269="Entertainment"), "Leisure & Commerce", IF(N269="Scientific", "Science & Education", "Other")))) -> Heritage & Culture | W269: =REPT("★", ROUND(H269, 0)) & REPT("☆", 5 - ROUND(H269, 0)) -> ★★★★★ | X269: =ROUND(H269, 0) & " / 5 Stars" -> 5 / 5 Stars | Y269: =IF(P269>=1.5, "High Traffic", IF(P269>=0.4, "Medium Traffic", "Low Traffic")) -> Low Traffic
A270: Eastern | B270: Sikkim | C270: Namchi | D270: Char Dham | E270: Religious Complex | F270: 211 | G270: 2 | H270: 4.7 | I270: =IF(Table13[[#This Row],[Reiew_Rating]]>=4.5,"Excellent", IF(Table13[[#This Row],[Reiew_Rating]]>=4,"Good","Average")) -> Excellent | J270: 50 | K270: =IF(Table13[[#This Row],[Entrance_Fee_INR]]=0,"Free","Paid") -> Paid | L270: Yes | M270: Friday | N270: Religious | O270: No | P270: 0.12 | Q270: All | R270: =IF(Table13[[#This Row],[Number_Review_Lakhs]]>=1,"Highly Popular", IF(Table13[[#This Row],[Number_Review_Lakhs]]>=0.5,"Popular","Less Popular")) -> Less Popular | S270: =IF(Table13[[#This Row],[Visit_Time_Hrs]]<=2,"Short Visit", IF(Table13[[#This Row],[Visit_Time_Hrs]]<=5,"Medium Visit","Full Day")) -> Short Visit | T270: =IF(Table13[[#This Row],[Airport_50km_Radius]]="Yes","Accessible","Remote") -> Accessible | U270: =IF(Table13[[#This Row],[Reiew_Rating]]>=4.7,"Yes","No") -> Yes | V270: =IF(OR(N270="Historical",N270="Artistic",N270="Religious",N270="Architectural"), "Heritage & Culture", IF(OR(N270="Environmental",N270="Botanical",N270="Scenic",N270="Wildlife",N270="Nature"), "Nature & Wildlife", IF(OR(N270="Recreational",N270="Market",N270="Entertainment"), "Leisure & Commerce", IF(N270="Scientific", "Science & Education", "Other")))) -> Heritage & Culture | W270: =REPT("★", ROUND(H270, 0)) & REPT("☆", 5 - ROUND(H270, 0)) -> ★★★★★ | X270: =ROUND(H270, 0) & " / 5 Stars" -> 5 / 5 Stars | Y270: =IF(P270>=1.5, "High Traffic", IF(P270>=0.4, "Medium Traffic", "Low Traffic")) -> Low Traffic
A271: Eastern | B271: Sikkim | C271: Gangtok | D271: Rumtek Monastery | E271: Monastery | F271: 1960s | G271: 1 | H271: 4.6 | I271: =IF(Table13[[#This Row],[Reiew_Rating]]>=4.5,"Excellent", IF(Table13[[#This Row],[Reiew_Rating]]>=4,"Good","Average")) -> Excellent | J271: 10 | K271: =IF(Table13[[#This Row],[Entrance_Fee_INR]]=0,"Free","Paid") -> Paid | L271: Yes | M271: Tuesday | N271: Religious | O271: No | P271: 0.035 | Q271: Morning | R271: =IF(Table13[[#This Row],[Number_Review_Lakhs]]>=1,"Highly Popular", IF(Table13[[#This Row],[Number_Review_Lakhs]]>=0.5,"Popular","Less Popular")) -> Less Popular | S271: =IF(Table13[[#This Row],[Visit_Time_Hrs]]<=2,"Short Visit", IF(Table13[[#This Row],[Visit_Time_Hrs]]<=5,"Medium Visit","Full Day")) -> Short Visit | T271: =IF(Table13[[#This Row],[Airport_50km_Radius]]="Yes","Accessible","Remote") -> Accessible | U271: =IF(Table13[[#This Row],[Reiew_Rating]]>=4.7,"Yes","No") -> No | V271: =IF(OR(N271="Historical",N271="Artistic",N271="Religious",N271="Architectural"), "Heritage & Culture", IF(OR(N271="Environmental",N271="Botanical",N271="Scenic",N271="Wildlife",N271="Nature"), "Nature & Wildlife", IF(OR(N271="Recreational",N271="Market",N271="Entertainment"), "Leisure & Commerce", IF(N271="Scientific", "Science & Education", "Other")))) -> Heritage & Culture | W271: =REPT("★", ROUND(H271, 0)) & REPT("☆", 5 - ROUND(H271, 0)) -> ★★★★★ | X271: =ROUND(H271, 0) & " / 5 Stars" -> 5 / 5 Stars | Y271: =IF(P271>=1.5, "High Traffic", IF(P271>=0.4, "Medium Traffic", "Low Traffic")) -> Low Traffic
A272: Eastern | B272: Sikkim | C272: Ravangla | D272: Buddha Park | E272: Park | F272: 213 | G272: 1 | H272: 4.8 | I272: =IF(Table13[[#This Row],[Reiew_Rating]]>=4.5,"Excellent", IF(Table13[[#This Row],[Reiew_Rating]]>=4,"Good","Average")) -> Excellent | J272: 50 | K272: =IF(Table13[[#This Row],[Entrance_Fee_INR]]=0,"Free","Paid") -> Paid | L272: Yes | M272: Sunday | N272: Cultural | O272: Yes | P272: 0.1 | Q272: All | R272: =IF(Table13[[#This Row],[Number_Review_Lakhs]]>=1,"Highly Popular", IF(Table13[[#This Row],[Number_Review_Lakhs]]>=0.5,"Popular","Less Popular")) -> Less Popular | S272: =IF(Table13[[#This Row],[Visit_Time_Hrs]]<=2,"Short Visit", IF(Table13[[#This Row],[Visit_Time_Hrs]]<=5,"Medium Visit","Full Day")) -> Short Visit | T272: =IF(Table13[[#This Row],[Airport_50km_Radius]]="Yes","Accessible","Remote") -> Accessible | U272: =IF(Table13[[#This Row],[Reiew_Rating]]>=4.7,"Yes","No") -> Yes | V272: =IF(OR(N272="Historical",N272="Artistic",N272="Religious",N272="Architectural"), "Heritage & Culture", IF(OR(N272="Environmental",N272="Botanical",N272="Scenic",N272="Wildlife",N272="Nature"), "Nature & Wildlife", IF(OR(N272="Recreational",N272="Market",N272="Entertainment"), "Leisure & Commerce", IF(N272="Scientific", "Science & Education", "Other")))) -> Other | W272: =REPT("★", ROUND(H272, 0)) & REPT("☆", 5 - ROUND(H272, 0)) -> ★★★★★ | X272: =ROUND(H272, 0) & " / 5 Stars" -> 5 / 5 Stars | Y272: =IF(P272>=1.5, "High Traffic", IF(P272>=0.4, "Medium Traffic", "Low Traffic")) -> Low Traffic
A273: Eastern | B273: Sikkim | C273: Gangtok | D273: Baba Harbhajan Singh Temple | E273: Temple | F273: 1967 | G273: 1 | H273: 4.7 | I273: =IF(Table13[[#This Row],[Reiew_Rating]]>=4.5,"Excellent", IF(Table13[[#This Row],[Reiew_Rating]]>=4,"Good","Average")) -> Excellent | J273: 0 | K273: =IF(Table13[[#This Row],[Entrance_Fee_INR]]=0,"Free","Paid") -> Free | L273: Yes | M273: Friday | N273: Religious | O273: No | P273: 0.075 | Q273: All | R273: =IF(Table13[[#This Row],[Number_Review_Lakhs]]>=1,"Highly Popular", IF(Table13[[#This Row],[Number_Review_Lakhs]]>=0.5,"Popular","Less Popular")) -> Less Popular | S273: =IF(Table13[[#This Row],[Visit_Time_Hrs]]<=2,"Short Visit", IF(Table13[[#This Row],[Visit_Time_Hrs]]<=5,"Medium Visit","Full Day")) -> Short Visit | T273: =IF(Table13[[#This Row],[Airport_50km_Radius]]="Yes","Accessible","Remote") -> Accessible | U273: =IF(Table13[[#This Row],[Reiew_Rating]]>=4.7,"Yes","No") -> Yes | V273: =IF(OR(N273="Historical",N273="Artistic",N273="Religious",N273="Architectural"), "Heritage & Culture", IF(OR(N273="Environmental",N273="Botanical",N273="Scenic",N273="Wildlife",N273="Nature"), "Nature & Wildlife", IF(OR(N273="Recreational",N273="Market",N273="Entertainment"), "Leisure & Commerce", IF(N273="Scientific", "Science & Education", "Other")))) -> Heritage & Culture | W273: =REPT("★", ROUND(H273, 0)) & REPT("☆", 5 - ROUND(H273, 0)) -> ★★★★★ | X273: =ROUND(H273, 0) & " / 5 Stars" -> 5 / 5 Stars | Y273: =IF(P273>=1.5, "High Traffic", IF(P273>=0.4, "Medium Traffic", "Low Traffic")) -> Low Traffic
A274: Eastern | B274: Sikkim | C274: Gangtok | D274: Tsomgo Lake | E274: Lake | F274: 1735 | G274: 2 | H274: 4.5 | I274: =IF(Table13[[#This Row],[Reiew_Rating]]>=4.5,"Excellent", IF(Table13[[#This Row],[Reiew_Rating]]>=4,"Good","Average")) -> Excellent | J274: 0 | K274: =IF(Table13[[#This Row],[Entrance_Fee_INR]]=0,"Free","Paid") -> Free | L274: Yes | M274: Thursday | N274: Nature | O274: Yes | P274: 0.15 | Q274: Morning | R274: =IF(Table13[[#This Row],[Number_Review_Lakhs]]>=1,"Highly Popular", IF(Table13[[#This Row],[Number_Review_Lakhs]]>=0.5,"Popular","Less Popular")) -> Less Popular | S274: =IF(Table13[[#This Row],[Visit_Time_Hrs]]<=2,"Short Visit", IF(Table13[[#This Row],[Visit_Time_Hrs]]<=5,"Medium Visit","Full Day")) -> Short Visit | T274: =IF(Table13[[#This Row],[Airport_50km_Radius]]="Yes","Accessible","Remote") -> Accessible | U274: =IF(Table13[[#This Row],[Reiew_Rating]]>=4.7,"Yes","No") -> No | V274: =IF(OR(N274="Historical",N274="Artistic",N274="Religious",N274="Architectural"), "Heritage & Culture", IF(OR(N274="Environmental",N274="Botanical",N274="Scenic",N274="Wildlife",N274="Nature"), "Nature & Wildlife", IF(OR(N274="Recreational",N274="Market",N274="Entertainment"), "Leisure & Commerce", IF(N274="Scientific", "Science & Education", "Other")))) -> Nature & Wildlife | W274: =REPT("★", ROUND(H274, 0)) & REPT("☆", 5 - ROUND(H274, 0)) -> ★★★★★ | X274: =ROUND(H274, 0) & " / 5 Stars" -> 5 / 5 Stars | Y274: =IF(P274>=1.5, "High Traffic", IF(P274>=0.4, "Medium Traffic", "Low Traffic")) -> Low Traffic
A275: North Eastern | B275: Assam | C275: Guwahati | D275: Kamakhya Temple | E275: Temple | F275: 1878 | G275: 2 | H275: 4.6 | I275: =IF(Table13[[#This Row],[Reiew_Rating]]>=4.5,"Excellent", IF(Table13[[#This Row],[Reiew_Rating]]>=4,"Good","Average")) -> Excellent | J275: 0 | K275: =IF(Table13[[#This Row],[Entrance_Fee_INR]]=0,"Free","Paid") -> Free | L275: Yes | M275: Thursday | N275: Religious | O275: No | P275: 0.21 | Q275: All | R275: =IF(Table13[[#This Row],[Number_Review_Lakhs]]>=1,"Highly Popular", IF(Table13[[#This Row],[Number_Review_Lakhs]]>=0.5,"Popular","Less Popular")) -> Less Popular | S275: =IF(Table13[[#This Row],[Visit_Time_Hrs]]<=2,"Short Visit", IF(Table13[[#This Row],[Visit_Time_Hrs]]<=5,"Medium Visit","Full Day")) -> Short Visit | T275: =IF(Table13[[#This Row],[Airport_50km_Radius]]="Yes","Accessible","Remote") -> Accessible | U275: =IF(Table13[[#This Row],[Reiew_Rating]]>=4.7,"Yes","No") -> No | V275: =IF(OR(N275="Historical",N275="Artistic",N275="Religious",N275="Architectural"), "Heritage & Culture", IF(OR(N275="Environmental",N275="Botanical",N275="Scenic",N275="Wildlife",N275="Nature"), "Nature & Wildlife", IF(OR(N275="Recreational",N275="Market",N275="Entertainment"), "Leisure & Commerce", IF(N275="Scientific", "Science & Education", "Other")))) -> Heritage & Culture | W275: =REPT("★", ROUND(H275, 0)) & REPT("☆", 5 - ROUND(H275, 0)) -> ★★★★★ | X275: =ROUND(H275, 0) & " / 5 Stars" -> 5 / 5 Stars | Y275: =IF(P275>=1.5, "High Traffic", IF(P275>=0.4, "Medium Traffic", "Low Traffic")) -> Low Traffic
A276: North Eastern | B276: Assam | C276: Kaziranga | D276: Kaziranga National Park | E276: National Park | F276: 1905 | G276: 3 | H276: 4.5 | I276: =IF(Table13[[#This Row],[Reiew_Rating]]>=4.5,"Excellent", IF(Table13[[#This Row],[Reiew_Rating]]>=4,"Good","Average")) -> Excellent | J276: 650 | K276: =IF(Table13[[#This Row],[Entrance_Fee_INR]]=0,"Free","Paid") -> Paid | L276: No | M276: Monday | N276: Wildlife | O276: No | P276: 0.068 | Q276: Morning | R276: =IF(Table13[[#This Row],[Number_Review_Lakhs]]>=1,"Highly Popular", IF(Table13[[#This Row],[Number_Review_Lakhs]]>=0.5,"Popular","Less Popular")) -> Less Popular | S276: =IF(Table13[[#This Row],[Visit_Time_Hrs]]<=2,"Short Visit", IF(Table13[[#This Row],[Visit_Time_Hrs]]<=5,"Medium Visit","Full Day")) -> Medium Visit | T276: =IF(Table13[[#This Row],[Airport_50km_Radius]]="Yes","Accessible","Remote") -> Remote | U276: =IF(Table13[[#This Row],[Reiew_Rating]]>=4.7,"Yes","No") -> No | V276: =IF(OR(N276="Historical",N276="Artistic",N276="Religious",N276="Architectural"), "Heritage & Culture", IF(OR(N276="Environmental",N276="Botanical",N276="Scenic",N276="Wildlife",N276="Nature"), "Nature & Wildlife", IF(OR(N276="Recreational",N276="Market",N276="Entertainment"), "Leisure & Commerce", IF(N276="Scientific", "Science & Education", "Other")))) -> Nature & Wildlife | W276: =REPT("★", ROUND(H276, 0)) & REPT("☆", 5 - ROUND(H276, 0)) -> ★★★★★ | X276: =ROUND(H276, 0) & " / 5 Stars" -> 5 / 5 Stars | Y276: =IF(P276>=1.5, "High Traffic", IF(P276>=0.4, "Medium Traffic", "Low Traffic")) -> Low Traffic
A277: North Eastern | B277: Assam | C277: Guwahati | D277: Umananda Island | E277: Island | F277: 1935 | G277: 1 | H277: 4.1 | I277: =IF(Table13[[#This Row],[Reiew_Rating]]>=4.5,"Excellent", IF(Table13[[#This Row],[Reiew_Rating]]>=4,"Good","Average")) -> Good | J277: 0 | K277: =IF(Table13[[#This Row],[Entrance_Fee_INR]]=0,"Free","Paid") -> Free | L277: Yes | M277: Monday | N277: Nature | O277: Yes | P277: 0.01 | Q277: Morning | R277: =IF(Table13[[#This Row],[Number_Review_Lakhs]]>=1,"Highly Popular", IF(Table13[[#This Row],[Number_Review_Lakhs]]>=0.5,"Popular","Less Popular")) -> Less Popular | S277: =IF(Table13[[#This Row],[Visit_Time_Hrs]]<=2,"Short Visit", IF(Table13[[#This Row],[Visit_Time_Hrs]]<=5,"Medium Visit","Full Day")) -> Short Visit | T277: =IF(Table13[[#This Row],[Airport_50km_Radius]]="Yes","Accessible","Remote") -> Accessible | U277: =IF(Table13[[#This Row],[Reiew_Rating]]>=4.7,"Yes","No") -> No | V277: =IF(OR(N277="Historical",N277="Artistic",N277="Religious",N277="Architectural"), "Heritage & Culture", IF(OR(N277="Environmental",N277="Botanical",N277="Scenic",N277="Wildlife",N277="Nature"), "Nature & Wildlife", IF(OR(N277="Recreational",N277="Market",N277="Entertainment"), "Leisure & Commerce", IF(N277="Scientific", "Science & Education", "Other")))) -> Nature & Wildlife | W277: =REPT("★", ROUND(H277, 0)) & REPT("☆", 5 - ROUND(H277, 0)) -> ★★★★☆ | X277: =ROUND(H277, 0) & " / 5 Stars" -> 4 / 5 Stars | Y277: =IF(P277>=1.5, "High Traffic", IF(P277>=0.4, "Medium Traffic", "Low Traffic")) -> Low Traffic
A278: North Eastern | B278: Assam | C278: Sivasagar | D278: Sivasagar Sivadol | E278: Temple | F278: 1734 | G278: 1 | H278: 4.7 | I278: =IF(Table13[[#This Row],[Reiew_Rating]]>=4.5,"Excellent", IF(Table13[[#This Row],[Reiew_Rating]]>=4,"Good","Average")) -> Excellent | J278: 0 | K278: =IF(Table13[[#This Row],[Entrance_Fee_INR]]=0,"Free","Paid") -> Free | L278: No | M278: Thursday | N278: Historical | O278: Yes | P278: 0.065 | Q278: All | R278: =IF(Table13[[#This Row],[Number_Review_Lakhs]]>=1,"Highly Popular", IF(Table13[[#This Row],[Number_Review_Lakhs]]>=0.5,"Popular","Less Popular")) -> Less Popular | S278: =IF(Table13[[#This Row],[Visit_Time_Hrs]]<=2,"Short Visit", IF(Table13[[#This Row],[Visit_Time_Hrs]]<=5,"Medium Visit","Full Day")) -> Short Visit | T278: =IF(Table13[[#This Row],[Airport_50km_Radius]]="Yes","Accessible","Remote") -> Remote | U278: =IF(Table13[[#This Row],[Reiew_Rating]]>=4.7,"Yes","No") -> Yes | V278: =IF(OR(N278="Historical",N278="Artistic",N278="Religious",N278="Architectural"), "Heritage & Culture", IF(OR(N278="Environmental",N278="Botanical",N278="Scenic",N278="Wildlife",N278="Nature"), "Nature & Wildlife", IF(OR(N278="Recreational",N278="Market",N278="Entertainment"), "Leisure & Commerce", IF(N278="Scientific", "Science & Education", "Other")))) -> Heritage & Culture | W278: =REPT("★", ROUND(H278, 0)) & REPT("☆", 5 - ROUND(H278, 0)) -> ★★★★★ | X278: =ROUND(H278, 0) & " / 5 Stars" -> 5 / 5 Stars | Y278: =IF(P278>=1.5, "High Traffic", IF(P278>=0.4, "Medium Traffic", "Low Traffic")) -> Low Traffic
A279: North Eastern | B279: Assam | C279: Majuli | D279: Majuli Island | E279: River Island | F279: 1432 | G279: 2 | H279: 4.7 | I279: =IF(Table13[[#This Row],[Reiew_Rating]]>=4.5,"Excellent", IF(Table13[[#This Row],[Reiew_Rating]]>=4,"Good","Average")) -> Excellent | J279: 0 | K279: =IF(Table13[[#This Row],[Entrance_Fee_INR]]=0,"Free","Paid") -> Free | L279: No | M279: Tuesday | N279: Cultural | O279: Yes | P279: 0.01 | Q279: Morning | R279: =IF(Table13[[#This Row],[Number_Review_Lakhs]]>=1,"Highly Popular", IF(Table13[[#This Row],[Number_Review_Lakhs]]>=0.5,"Popular","Less Popular")) -> Less Popular | S279: =IF(Table13[[#This Row],[Visit_Time_Hrs]]<=2,"Short Visit", IF(Table13[[#This Row],[Visit_Time_Hrs]]<=5,"Medium Visit","Full Day")) -> Short Visit | T279: =IF(Table13[[#This Row],[Airport_50km_Radius]]="Yes","Accessible","Remote") -> Remote | U279: =IF(Table13[[#This Row],[Reiew_Rating]]>=4.7,"Yes","No") -> Yes | V279: =IF(OR(N279="Historical",N279="Artistic",N279="Religious",N279="Architectural"), "Heritage & Culture", IF(OR(N279="Environmental",N279="Botanical",N279="Scenic",N279="Wildlife",N279="Nature"), "Nature & Wildlife", IF(OR(N279="Recreational",N279="Market",N279="Entertainment"), "Leisure & Commerce", IF(N279="Scientific", "Science & Education", "Other")))) -> Other | W279: =REPT("★", ROUND(H279, 0)) & REPT("☆", 5 - ROUND(H279, 0)) -> ★★★★★ | X279: =ROUND(H279, 0) & " / 5 Stars" -> 5 / 5 Stars | Y279: =IF(P279>=1.5, "High Traffic", IF(P279>=0.4, "Medium Traffic", "Low Traffic")) -> Low Traffic
A280: North Eastern | B280: Assam | C280: Manas | D280: Manas National Park | E280: National Park | F280: 1990 | G280: 3 | H280: 4.6 | I280: =IF(Table13[[#This Row],[Reiew_Rating]]>=4.5,"Excellent", IF(Table13[[#This Row],[Reiew_Rating]]>=4,"Good","Average")) -> Excellent | J280: 500 | K280: =IF(Table13[[#This Row],[Entrance_Fee_INR]]=0,"Free","Paid") -> Paid | L280: No | M280: Saturday | N280: Wildlife | O280: Yes | P280: 0.19 | Q280: Morning | R280: =IF(Table13[[#This Row],[Number_Review_Lakhs]]>=1,"Highly Popular", IF(Table13[[#This Row],[Number_Review_Lakhs]]>=0.5,"Popular","Less Popular")) -> Less Popular | S280: =IF(Table13[[#This Row],[Visit_Time_Hrs]]<=2,"Short Visit", IF(Table13[[#This Row],[Visit_Time_Hrs]]<=5,"Medium Visit","Full Day")) -> Medium Visit | T280: =IF(Table13[[#This Row],[Airport_50km_Radius]]="Yes","Accessible","Remote") -> Remote | U280: =IF(Table13[[#This Row],[Reiew_Rating]]>=4.7,"Yes","No") -> No | V280: =IF(OR(N280="Historical",N280="Artistic",N280="Religious",N280="Architectural"), "Heritage & Culture", IF(OR(N280="Environmental",N280="Botanical",N280="Scenic",N280="Wildlife",N280="Nature"), "Nature & Wildlife", IF(OR(N280="Recreational",N280="Market",N280="Entertainment"), "Leisure & Commerce", IF(N280="Scientific", "Science & Education", "Other")))) -> Nature & Wildlife | W280: =REPT("★", ROUND(H280, 0)) & REPT("☆", 5 - ROUND(H280, 0)) -> ★★★★★ | X280: =ROUND(H280, 0) & " / 5 Stars" -> 5 / 5 Stars | Y280: =IF(P280>=1.5, "High Traffic", IF(P280>=0.4, "Medium Traffic", "Low Traffic")) -> Low Traffic
A281: North Eastern | B281: Assam | C281: Hajo | D281: Hayagriva Madhava Temple | E281: Temple | F281: 1756 | G281: 1 | H281: 4.5 | I281: =IF(Table13[[#This Row],[Reiew_Rating]]>=4.5,"Excellent", IF(Table13[[#This Row],[Reiew_Rating]]>=4,"Good","Average")) -> Excellent | J281: 0 | K281: =IF(Table13[[#This Row],[Entrance_Fee_INR]]=0,"Free","Paid") -> Free | L281: No | M281: Sunday | N281: Religious | O281: Yes | P281: 0.9 | Q281: All | R281: =IF(Table13[[#This Row],[Number_Review_Lakhs]]>=1,"Highly Popular", IF(Table13[[#This Row],[Number_Review_Lakhs]]>=0.5,"Popular","Less Popular")) -> Popular | S281: =IF(Table13[[#This Row],[Visit_Time_Hrs]]<=2,"Short Visit", IF(Table13[[#This Row],[Visit_Time_Hrs]]<=5,"Medium Visit","Full Day")) -> Short Visit | T281: =IF(Table13[[#This Row],[Airport_50km_Radius]]="Yes","Accessible","Remote") -> Remote | U281: =IF(Table13[[#This Row],[Reiew_Rating]]>=4.7,"Yes","No") -> No | V281: =IF(OR(N281="Historical",N281="Artistic",N281="Religious",N281="Architectural"), "Heritage & Culture", IF(OR(N281="Environmental",N281="Botanical",N281="Scenic",N281="Wildlife",N281="Nature"), "Nature & Wildlife", IF(OR(N281="Recreational",N281="Market",N281="Entertainment"), "Leisure & Commerce", IF(N281="Scientific", "Science & Education", "Other")))) -> Heritage & Culture | W281: =REPT("★", ROUND(H281, 0)) & REPT("☆", 5 - ROUND(H281, 0)) -> ★★★★★ | X281: =ROUND(H281, 0) & " / 5 Stars" -> 5 / 5 Stars | Y281: =IF(P281>=1.5, "High Traffic", IF(P281>=0.4, "Medium Traffic", "Low Traffic")) -> Medium Traffic
A282: North Eastern | B282: Assam | C282: Guwahati | D282: Pobitora Wildlife Sanctuary | E282: Wildlife Sanctuary | F282: 1987 | G282: 2 | H282: 4.4 | I282: =IF(Table13[[#This Row],[Reiew_Rating]]>=4.5,"Excellent", IF(Table13[[#This Row],[Reiew_Rating]]>=4,"Good","Average")) -> Good | J282: 500 | K282: =IF(Table13[[#This Row],[Entrance_Fee_INR]]=0,"Free","Paid") -> Paid | L282: Yes | M282: Wednesday | N282: Wildlife | O282: Yes | P282: 0.037 | Q282: All | R282: =IF(Table13[[#This Row],[Number_Review_Lakhs]]>=1,"Highly Popular", IF(Table13[[#This Row],[Number_Review_Lakhs]]>=0.5,"Popular","Less Popular")) -> Less Popular | S282: =IF(Table13[[#This Row],[Visit_Time_Hrs]]<=2,"Short Visit", IF(Table13[[#This Row],[Visit_Time_Hrs]]<=5,"Medium Visit","Full Day")) -> Short Visit | T282: =IF(Table13[[#This Row],[Airport_50km_Radius]]="Yes","Accessible","Remote") -> Accessible | U282: =IF(Table13[[#This Row],[Reiew_Rating]]>=4.7,"Yes","No") -> No | V282: =IF(OR(N282="Historical",N282="Artistic",N282="Religious",N282="Architectural"), "Heritage & Culture", IF(OR(N282="Environmental",N282="Botanical",N282="Scenic",N282="Wildlife",N282="Nature"), "Nature & Wildlife", IF(OR(N282="Recreational",N282="Market",N282="Entertainment"), "Leisure & Commerce", IF(N282="Scientific", "Science & Education", "Other")))) -> Nature & Wildlife | W282: =REPT("★", ROUND(H282, 0)) & REPT("☆", 5 - ROUND(H282, 0)) -> ★★★★☆ | X282: =ROUND(H282, 0) & " / 5 Stars" -> 4 / 5 Stars | Y282: =IF(P282>=1.5, "High Traffic", IF(P282>=0.4, "Medium Traffic", "Low Traffic")) -> Low Traffic
A283: North Eastern | B283: Arunachal Pradesh | C283: Tawang | D283: Tawang Monastery | E283: Monastery | F283: 1680 | G283: 2 | H283: 4.7 | I283: =IF(Table13[[#This Row],[Reiew_Rating]]>=4.5,"Excellent", IF(Table13[[#This Row],[Reiew_Rating]]>=4,"Good","Average")) -> Excellent | J283: 0 | K283: =IF(Table13[[#This Row],[Entrance_Fee_INR]]=0,"Free","Paid") -> Free | L283: No | M283: Saturday | N283: Religious | O283: No | P283: 0.032 | Q283: Morning | R283: =IF(Table13[[#This Row],[Number_Review_Lakhs]]>=1,"Highly Popular", IF(Table13[[#This Row],[Number_Review_Lakhs]]>=0.5,"Popular","Less Popular")) -> Less Popular | S283: =IF(Table13[[#This Row],[Visit_Time_Hrs]]<=2,"Short Visit", IF(Table13[[#This Row],[Visit_Time_Hrs]]<=5,"Medium Visit","Full Day")) -> Short Visit | T283: =IF(Table13[[#This Row],[Airport_50km_Radius]]="Yes","Accessible","Remote") -> Remote | U283: =IF(Table13[[#This Row],[Reiew_Rating]]>=4.7,"Yes","No") -> Yes | V283: =IF(OR(N283="Historical",N283="Artistic",N283="Religious",N283="Architectural"), "Heritage & Culture", IF(OR(N283="Environmental",N283="Botanical",N283="Scenic",N283="Wildlife",N283="Nature"), "Nature & Wildlife", IF(OR(N283="Recreational",N283="Market",N283="Entertainment"), "Leisure & Commerce", IF(N283="Scientific", "Science & Education", "Other")))) -> Heritage & Culture | W283: =REPT("★", ROUND(H283, 0)) & REPT("☆", 5 - ROUND(H283, 0)) -> ★★★★★ | X283: =ROUND(H283, 0) & " / 5 Stars" -> 5 / 5 Stars | Y283: =IF(P283>=1.5, "High Traffic", IF(P283>=0.4, "Medium Traffic", "Low Traffic")) -> Low Traffic
... A326: Northern | B326: Rajasthan | C326: Jaipur | D326: Albert Hall Museum | E326: Museum | F326: 1887 | G326: 2 | H326: 4.5 | I326: =IF(Table13[[#This Row],[Reiew_Rating]]>=4.5,"Excellent", IF(Table13[[#This Row],[Reiew_Rating]]>=4,"Good","Average")) -> Excellent | J326: 200 | K326: =IF(Table13[[#This Row],[Entrance_Fee_INR]]=0,"Free","Paid") -> Paid | L326: Yes | M326: Saturday | N326: Historical | O326: Yes | P326: 0.63 | Q326: All | R326: =IF(Table13[[#This Row],[Number_Review_Lakhs]]>=1,"Highly Popular", IF(Table13[[#This Row],[Number_Review_Lakhs]]>=0.5,"Popular","Less Popular")) -> Popular | S326: =IF(Table13[[#This Row],[Visit_Time_Hrs]]<=2,"Short Visit", IF(Table13[[#This Row],[Visit_Time_Hrs]]<=5,"Medium Visit","Full Day")) -> Short Visit | T326: =IF(Table13[[#This Row],[Airport_50km_Radius]]="Yes","Accessible","Remote") -> Accessible | U326: =IF(Table13[[#This Row],[Reiew_Rating]]>=4.7,"Yes","No") -> No | V326: =IF(OR(N326="Historical",N326="Artistic",N326="Religious",N326="Architectural"), "Heritage & Culture", IF(OR(N326="Environmental",N326="Botanical",N326="Scenic",N326="Wildlife",N326="Nature"), "Nature & Wildlife", IF(OR(N326="Recreational",N326="Market",N326="Entertainment"), "Leisure & Commerce", IF(N326="Scientific", "Science & Education", "Other")))) -> Heritage & Culture | W326: =REPT("★", ROUND(H326, 0)) & REPT("☆", 5 - ROUND(H326, 0)) -> ★★★★★ | X326: =ROUND(H326, 0) & " / 5 Stars" -> 5 / 5 Stars | Y326: =IF(P326>=1.5, "High Traffic", IF(P326>=0.4, "Medium Traffic", "Low Traffic")) -> Medium Traffic

Sheet map_data
H9: Row Labels | I9: Count of Name
H10: Andaman and Nicobar Islands | I10: 4
H11: Andhra Pradesh | I11: 18
H12: Arunachal Pradesh | I12: 1
H13: Assam | I13: 8
H14: Bihar | I14: 4
H15: Chhattisgarh | I15: 1
H16: Daman and Diu | I16: 2
H17: Delhi | I17: 19
H18: Goa | I18: 14
H19: Gujarat | I19: 14
H20: Haryana | I20: 3
H21: Himachal Pradesh | I21: 18
... H43: Grand Total | I43: 325

Sheet pivot_tables
C3: Row Labels | D3: Count of Name | F3: Row Labels | G3: Count of Name | I3: Row Labels | J3: Average of Reiew_Rating | L3: Row Labels | M3: Count of Name | O3: Row Labels | P3: Count of Name | R3: Row Labels | S3: Count of Name | U3: Row Labels | V3: Count of Name | X3: Row Labels | Y3: Sum of Number_Review_Lakhs | AA3: Row Labels | AB3: Count of Name | AD3: Count of Name | AE3: Column Labels
C4: Andaman and Nicobar Islands | D4: 4 | F4: Heritage & Culture | G4: 159 | I4: Adventure Sport | J4: 4.8 | L4: Free | M4: 183 | O4: Central | P4: 39 | R4: High Traffic | S4: 19 | U4: Afternoon | V4: 44 | X4: Buddh International Circuit | Y4: 1 | AA4: Andaman and Nicobar Islands | AB4: 4 | AD4: Row Labels | AE4: Accessible | AF4: Remote | AG4: Grand Total
C5: Andhra Pradesh | D5: 18 | F5: Leisure & Commerce | G5: 36 | I5: Amusement Park | J5: 3.7 | L5: Paid | M5: 142 | O5: Eastern | P5: 45 | R5: Low Traffic | S5: 220 | U5: All | V5: 164 | X5: Charminar | Y5: 7 | AA5: Andhra Pradesh | AB5: 18 | AD5: Andhra Pradesh | AE5: 14 | AF5: 4 | AG5: 18
C6: Arunachal Pradesh | D6: 1 | F6: Nature & Wildlife | G6: 91 | I6: Aquarium | J6: 3.8 | L6: Grand Total | M6: 325 | O6: North Eastern | P6: 14 | R6: Medium Traffic | S6: 86 | U6: All | V6: 1 | X6: Chittorgarh Fort | Y6: 9 | AA6: Arunachal Pradesh | AB6: 1 | AD6: Delhi | AE6: 19 | AG6: 19
C7: Assam | D7: 8 | F7: Other | G7: 37 | I7: Beach | J7: 4.416 | O7: Northern | P7: 89 | R7: Grand Total | S7: 325 | U7: Anytime | V7: 1 | X7: Gateway of India | Y7: 2 | AA7: Assam | AB7: 8 | AD7: Himachal Pradesh | AE7: 7 | AF7: 11 | AG7: 18
C8: Bihar | D8: 4 | F8: Science & Education | G8: 2 | I8: Bird Sanctuary | J8: 4.1 | O8: Southern | P8: 98 | U8: Evening | V8: 26 | X8: Golden Temple (Harmandir Sahib) | Y8: 9 | AA8: Bihar | AB8: 4 | AD8: Karnataka | AE8: 10 | AF8: 9 | AG8: 19
C9: Chhattisgarh | D9: 1 | F9: Grand Total | G9: 325 | I9: Border Crossing | J9: 4.8 | O9: Western | P9: 40 | U9: Morning | V9: 88 | X9: India Gate | Y9: 3 | AA9: Chhattisgarh | AB9: 1 | AD9: Kerala | AE9: 11 | AF9: 5 | AG9: 16
C10: Daman and Diu | D10: 2 | I10: Botanical Garden | J10: 4.4 | O10: Grand Total | P10: 325 | U10: Night | V10: 1 | X10: Kedarnath | Y10: 8 | AA10: Daman and Diu | AB10: 2 | AD10: Madhya Pradesh | AE10: 5 | AF10: 10 | AG10: 15
C11: Delhi | D11: 19 | I11: Bridge | J11: 4.6 | U11: Grand Total | V11: 325 | X11: LuLu International Shopping Mall | Y11: 9 | AA11: Delhi | AB11: 19 | AD11: Maharastra | AE11: 18 | AF11: 2 | AG11: 20
C12: Goa | D12: 14 | I12: Cave | J12: 4.525 | X12: Mysore Palace | Y12: 4 | AA12: Goa | AB12: 14 | AD12: Rajasthan | AE12: 10 | AF12: 5 | AG12: 15
C13: Gujarat | D13: 14 | I13: Church | J13: 4.5 | X13: Taj Mahal | Y13: 5 | AA13: Gujarat | AB13: 14 | AD13: Uttar Pradesh | AE13: 23 | AG13: 23
C14: Haryana | D14: 3 | I14: Commercial Complex | J14: 4.7 | X14: Wayanad Wildlife Sanctuary | Y14: 6 | AA14: Haryana | AB14: 3 | AD14: West Bengal | AE14: 16 | AF14: 4 | AG14: 20
C15: Himachal Pradesh | D15: 18 | I15: Confluence | J15: 4.5 | N15: pivot chart 5 zone analysis | X15: Grand Total | AA15: Himachal Pradesh | AB15: 18 | AD15: Grand Total | AE15: 133 | AF15: 50 | AG15: 183
C16: Jammu and Kashmir | D16: 6 | I16: Cricket Ground | J16: 4.1 | AA16: Jammu and Kashmir | AB16: 6
C17: Jharkhand | D17: 2 | I17: Cultural | J17: 4.65 | AA17: Jharkhand | AB17: 2
C18: Karnataka | D18: 19 | I18: Dam | J18: 4.5 | AA18: Karnataka | AB18: 19
C19: Kerala | D19: 16 | I19: Entertainment | J19: 4.4 | AA19: Kerala | AB19: 16
C20: Ladakh | D20: 10 | I20: Film Studio | J20: 4.4 | AA20: Ladakh | AB20: 10
C21: Madhya Pradesh | D21: 15 | I21: Fort | J21: 4.4590909 | AA21: Madhya Pradesh | AB21: 15
C22: Maharashtra | D22: 4 | I22: Ghat | J22: 4.5 | AA22: Maharashtra | AB22: 4
C23: Maharastra | D23: 20 | I23: Government Building | J23: 4.6 | AA23: Maharastra | AB23: 20
C24: Meghalaya | D24: 1 | I24: Gravity Hill | J24: 3.7 | AA24: Meghalaya | AB24: 1
C25: Nagaland | D25: 1 | I25: Gurudwara | J25: 4.7 | AA25: Nagaland | AB25: 1
C26: Odisha | D26: 12 | I26: Hill | J26: 4.3666667 | AA26: Odisha | AB26: 12
C27: Puducherry | D27: 3 | I27: Historical | J27: 4.6 | AA27: Puducherry | AB27: 3
... C37: Grand Total | D37: 325 | I37: Mosque | J37: 4.5 | AA37: Grand Total | AB37: 325
I38: Mountain Peak | J38: 4.5
I39: Museum | J39: 4.5181818
I40: National Park | J40: 4.4428571
I41: Natural Feature | J41: 4.5
I42: Observatory | J42: 4.2
I43: Orchard | J43: 4
I44: Palace | J44: 4.425
I45: Park | J45: 4.4142857
I46: Prehistoric Site | J46: 4.6
I47: Promenade | J47: 4.5
I48: Race Track | J48: 4.6
I49: Religious Complex | J49: 4.7
... I82: Grand Total | J82: 4.4861538

Sheet VIsuals_all
A2: =ROUND(AVERAGE('Cleaned Dataset'!H:H),2) -> 4.49 | C2: =SUMPRODUCT(('Cleaned Dataset'!B2:B326<>"")/COUNTIF('Cleaned Dataset'!B2:B326,'Cleaned Dataset'!B2:B326&"")) -> 33 | E2: =ROUND(AVERAGE('Cleaned Dataset'!J:J),0) -> 116 | G2: =COUNTIF('Cleaned Dataset'!R:R,"Highly Popular") -> 38 | K2: =COUNTIF('Cleaned Dataset'!K:K,"Paid") -> 142 | M2: =COUNTIF('Cleaned Dataset'!K:K,"Free") -> 183

Sheet New dashboard
A4: =COUNTA('Cleaned Dataset'!D:D)-1 -> 325 | D4: =ROUND(AVERAGE('Cleaned Dataset'!H:H),2) -> 4.49 | G4: =SUMPRODUCT(('Cleaned Dataset'!B2:B326<>"")/COUNTIF('Cleaned Dataset'!B2:B326,'Cleaned Dataset'!B2:B326&"")) -> 33 | J4: =ROUND(AVERAGE('Cleaned Dataset'!J:J),0) -> 116 | M4: =COUNTIF('Cleaned Dataset'!R:R,"Highly Popular") -> 38 | P4: =COUNTIF('Cleaned Dataset'!U:U,"Yes") -> 77 | S4: =COUNTIF('Cleaned Dataset'!K:K,"Paid") -> 142
A8: Total Tourist Places | D8: Average Rating | G8: Total States Covered | J8: Average Entrance Fee | M8: Highly Popular Places | P8: Top Rated Places | S8: Paid Attractions
